example/1nql:ChainA:LYS4	129.830999	-157.765961	General
example/1nql:ChainA:LYS5	19.469676	124.901231	General
example/1nql:ChainA:VAL6	-119.795055	130.083021	General
example/1nql:ChainA:CYS7	-119.990481	160.054146	General
example/1nql:ChainA:GLN8	-73.747271	-31.831344	General
example/1nql:ChainA:GLY9	92.277356	168.696597	Glycine
example/1nql:ChainA:THR10	-121.914109	154.767304	General
example/1nql:ChainA:SER11	-132.712431	55.822537	General
example/1nql:ChainA:ASN12	-87.492461	2.820219	General
example/1nql:ChainA:LYS13	27.252381	-118.843179	General
example/1nql:ChainA:LEU14	-92.105494	4.669853	General
example/1nql:ChainA:THR15	-62.378708	145.583754	General
example/1nql:ChainA:GLN16	-116.586117	136.971416	General
example/1nql:ChainA:LEU17	-102.101770	99.958703	General
example/1nql:ChainA:GLY18	63.965818	-151.595060	Glycine
example/1nql:ChainA:THR19	-75.919688	174.674805	General
example/1nql:ChainA:PHE20	-60.663704	-37.801521	General
example/1nql:ChainA:GLU21	-60.596806	-58.480052	General
example/1nql:ChainA:ASP22	-42.233051	-49.050823	General
example/1nql:ChainA:HIS23	-64.820773	-43.760343	General
example/1nql:ChainA:PHE24	-60.299243	-45.267443	General
example/1nql:ChainA:LEU25	-59.833344	-29.968618	General
example/1nql:ChainA:SER26	-75.951302	-46.639978	General
example/1nql:ChainA:LEU27	-52.889591	-47.275074	General
example/1nql:ChainA:GLN28	-57.273460	-61.305657	General
example/1nql:ChainA:ARG29	-62.917780	-17.887712	General
example/1nql:ChainA:MET30	-81.898016	-49.289022	General
example/1nql:ChainA:PHE31	-93.960943	-12.292122	General
example/1nql:ChainA:ASN32	-39.184377	116.201660	General
example/1nql:ChainA:ASN33	57.272798	31.677317	General
example/1nql:ChainA:CYS34	-102.529156	140.120017	General
example/1nql:ChainA:GLU35	-111.045349	-38.111939	General
example/1nql:ChainA:VAL36	-121.804855	119.673102	General
example/1nql:ChainA:VAL37	-93.849907	109.990446	General
example/1nql:ChainA:LEU38	-60.410623	-28.100392	General
example/1nql:ChainA:GLY39	-116.385171	-128.564543	Glycine
example/1nql:ChainA:ASN40	-116.753170	164.956940	General
example/1nql:ChainA:LEU41	-116.636420	111.961482	General
example/1nql:ChainA:GLU42	-118.803837	113.403205	General
example/1nql:ChainA:ILE43	-112.310739	103.999526	General
example/1nql:ChainA:THR44	-144.079879	156.292873	General
example/1nql:ChainA:TYR45	63.963291	-1.920588	General
example/1nql:ChainA:VAL46	-61.602825	131.689302	General
example/1nql:ChainA:GLN47	-91.627391	174.334239	General
example/1nql:ChainA:ARG48	-53.038744	141.712974	General
example/1nql:ChainA:ASN49	51.690002	58.183580	General
example/1nql:ChainA:TYR50	-125.035397	129.723205	General
example/1nql:ChainA:ASP51	-74.224773	109.809923	General
example/1nql:ChainA:LEU52	-99.256957	45.455926	General
example/1nql:ChainA:SER53	-69.938055	-29.417136	General
example/1nql:ChainA:PHE54	-62.530107	-43.632253	General
example/1nql:ChainA:LEU55	-50.078100	-5.561403	General
example/1nql:ChainA:LYS56	-66.875663	-17.128786	General
example/1nql:ChainA:THR57	-89.439671	-6.185456	General
example/1nql:ChainA:ILE58	-90.764360	124.879502	General
example/1nql:ChainA:GLN59	-106.719972	-39.339072	General
example/1nql:ChainA:GLU60	-128.826630	133.318332	General
example/1nql:ChainA:VAL61	-120.621926	126.406335	General
example/1nql:ChainA:ALA62	-80.072423	-34.815858	General
example/1nql:ChainA:GLY63	-91.527978	-118.093362	Glycine
example/1nql:ChainA:TYR64	-127.937449	170.812829	General
example/1nql:ChainA:VAL65	-120.557947	117.779995	General
example/1nql:ChainA:LEU66	-113.095751	119.351982	General
example/1nql:ChainA:ILE67	-129.194734	102.803475	General
example/1nql:ChainA:ALA68	-150.324431	151.896090	General
example/1nql:ChainA:LEU69	58.208374	38.505886	General
example/1nql:ChainA:ASN70	-103.183348	156.048482	General
example/1nql:ChainA:THR71	-114.623100	-1.950084	General
example/1nql:ChainA:VAL72	-62.314326	139.980115	General
example/1nql:ChainA:GLU73	-67.592354	-30.837034	General
example/1nql:ChainA:ARG74	-141.637956	118.953541	General
example/1nql:ChainA:ILE75	-116.055048	106.967583	Pre-Pro
example/1nql:ChainA:PRO76	-84.806526	57.262048	Proline
example/1nql:ChainA:LEU77	-71.777833	55.315288	General
example/1nql:ChainA:GLU78	-74.418680	-24.354123	General
example/1nql:ChainA:ASN79	-116.657046	14.108506	General
example/1nql:ChainA:LEU80	-60.804250	116.072662	General
example/1nql:ChainA:GLN81	-101.149186	-45.598403	General
example/1nql:ChainA:ILE82	-136.228964	145.261708	General
example/1nql:ChainA:ILE83	-118.119449	119.096001	General
example/1nql:ChainA:ARG84	-79.727189	-28.069713	General
example/1nql:ChainA:GLY85	63.787953	45.203834	Glycine
example/1nql:ChainA:ASN86	-75.448674	-17.624184	General
example/1nql:ChainA:MET87	-133.934738	133.179818	General
example/1nql:ChainA:TYR88	-88.763442	154.304335	General
example/1nql:ChainA:TYR89	-91.825482	132.507192	General
example/1nql:ChainA:GLU90	55.900790	48.056907	General
example/1nql:ChainA:ASN91	72.523614	-6.451027	General
example/1nql:ChainA:SER92	-164.368822	-21.823272	General
example/1nql:ChainA:TYR93	-93.513782	130.364996	General
example/1nql:ChainA:ALA94	-85.897781	-28.035867	General
example/1nql:ChainA:LEU95	-135.440257	111.353389	General
example/1nql:ChainA:ALA96	-118.390397	124.571072	General
example/1nql:ChainA:VAL97	-129.624969	91.035872	General
example/1nql:ChainA:LEU98	-118.023276	121.416495	General
example/1nql:ChainA:SER99	53.299148	81.630390	General
example/1nql:ChainA:ASN100	-120.852593	72.062535	General
example/1nql:ChainA:TYR101	-148.642546	-168.344250	General
example/1nql:ChainA:ASP102	-159.604870	173.065054	General
example/1nql:ChainA:ALA103	-64.214251	80.756548	General
example/1nql:ChainA:ASN104	172.382305	-24.260647	General
example/1nql:ChainA:LYS105	76.492470	37.895643	General
example/1nql:ChainA:THR106	-134.758132	169.544478	General
example/1nql:ChainA:GLY107	143.042324	-127.384471	Glycine
example/1nql:ChainA:LEU108	-60.108657	110.545519	General
example/1nql:ChainA:LYS109	-100.016751	-39.685519	General
example/1nql:ChainA:GLU110	-122.306147	120.330523	General
example/1nql:ChainA:LEU111	-135.754678	74.645179	Pre-Pro
example/1nql:ChainA:PRO112	-78.402223	68.400503	Proline
example/1nql:ChainA:MET113	-89.320714	47.521845	General
example/1nql:ChainA:ARG114	-55.616829	-20.029632	General
example/1nql:ChainA:ASN115	-104.995645	1.244359	General
example/1nql:ChainA:LEU116	-64.497588	109.775246	General
example/1nql:ChainA:GLN117	-121.479206	-19.504639	General
example/1nql:ChainA:GLU118	-148.591130	125.205062	General
example/1nql:ChainA:ILE119	-107.249960	112.377624	General
example/1nql:ChainA:LEU120	-73.994086	-38.465696	General
example/1nql:ChainA:HIS121	-141.327546	150.945857	General
example/1nql:ChainA:GLY122	90.696789	164.766116	Glycine
example/1nql:ChainA:ALA123	-106.782517	-169.282407	General
example/1nql:ChainA:VAL124	-134.815263	134.793418	General
example/1nql:ChainA:ARG125	-132.233868	135.089317	General
example/1nql:ChainA:PHE126	-130.366181	124.409337	General
example/1nql:ChainA:SER127	-144.906224	135.815446	General
example/1nql:ChainA:ASN128	48.315326	71.830322	General
example/1nql:ChainA:ASN129	-131.451072	76.791443	Pre-Pro
example/1nql:ChainA:PRO130	-65.992979	5.435776	Proline
example/1nql:ChainA:ALA131	-123.011507	-6.926006	General
example/1nql:ChainA:LEU132	-71.872545	123.738545	General
example/1nql:ChainA:CYS133	-101.758989	158.832293	General
example/1nql:ChainA:ASN134	68.457181	-44.483189	General
example/1nql:ChainA:VAL135	-43.436683	-42.686266	General
example/1nql:ChainA:GLU136	-25.371233	-46.666600	General
example/1nql:ChainA:SER137	-86.641789	-21.140202	General
example/1nql:ChainA:ILE138	-49.011094	151.628260	General
example/1nql:ChainA:GLN139	-104.622675	86.253435	General
example/1nql:ChainA:TRP140	-52.214306	-28.223022	General
example/1nql:ChainA:ARG141	-49.360408	-23.217580	General
example/1nql:ChainA:ASP142	-93.512787	-27.327450	General
example/1nql:ChainA:ILE143	-86.285712	-45.687444	General
example/1nql:ChainA:VAL144	-96.759070	143.325325	General
example/1nql:ChainA:SER145	-79.743221	146.905500	General
example/1nql:ChainA:SER146	-53.457605	-26.988051	General
example/1nql:ChainA:ASP147	-65.750619	-23.841489	General
example/1nql:ChainA:PHE148	-114.118359	7.383935	General
example/1nql:ChainA:LEU149	-65.269748	-42.500019	General
example/1nql:ChainA:SER150	-81.095078	23.989611	General
example/1nql:ChainA:ASN151	-132.280061	34.795310	General
example/1nql:ChainA:MET152	-107.814781	143.215416	General
example/1nql:ChainA:SER153	-113.274174	103.785565	General
example/1nql:ChainA:MET154	-120.460756	115.929887	General
example/1nql:ChainA:ASP155	-150.367618	119.685588	General
example/1nql:ChainA:PHE156	-135.747028	109.573949	General
example/1nql:ChainA:GLN157	-116.713267	37.538608	General
example/1nql:ChainA:ASN158	-99.382488	137.158188	General
example/1nql:ChainA:HIS159	-71.669240	-43.754366	General
example/1nql:ChainA:LEU160	-148.431347	-167.025992	General
example/1nql:ChainA:GLY161	156.242551	-160.129357	Glycine
example/1nql:ChainA:SER162	-76.719756	42.093377	General
example/1nql:ChainA:CYS163	-103.918688	113.668117	General
example/1nql:ChainA:GLN164	-75.672061	141.325105	General
example/1nql:ChainA:LYS165	-68.102337	158.332641	General
example/1nql:ChainA:CYS166	-67.825427	169.064275	General
example/1nql:ChainA:ASP167	-66.502783	143.591520	Pre-Pro
example/1nql:ChainA:PRO168	-50.847535	-32.699866	Proline
example/1nql:ChainA:SER169	-79.196446	41.191349	General
example/1nql:ChainA:CYS170	-118.515943	145.774162	Pre-Pro
example/1nql:ChainA:PRO171	-70.120712	123.095814	Proline
example/1nql:ChainA:ASN172	31.328447	37.790498	General
example/1nql:ChainA:GLY173	76.718301	22.885656	Glycine
example/1nql:ChainA:SER174	-108.604513	128.232895	General
example/1nql:ChainA:CYS175	-150.652587	170.463456	General
example/1nql:ChainA:TRP176	-100.334362	-0.559700	General
example/1nql:ChainA:GLY177	165.712951	-169.054658	Glycine
example/1nql:ChainA:ALA178	-86.849279	146.263005	General
example/1nql:ChainA:GLY179	97.514389	157.093115	Glycine
example/1nql:ChainA:GLU180	-62.371249	-39.168686	General
example/1nql:ChainA:GLU181	-46.674282	-33.693812	General
example/1nql:ChainA:ASN182	-91.306794	-4.406308	General
example/1nql:ChainA:CYS183	-54.029020	139.385987	General
example/1nql:ChainA:GLN184	-69.096446	127.547593	General
example/1nql:ChainA:LYS185	-88.704668	115.547563	General
example/1nql:ChainA:LEU186	-92.827958	126.087383	General
example/1nql:ChainA:THR187	-127.671757	37.166459	General
example/1nql:ChainA:LYS188	-156.925656	-44.210355	General
example/1nql:ChainA:ILE189	-57.438609	-66.489865	General
example/1nql:ChainA:ILE190	-83.131685	126.283562	General
example/1nql:ChainA:CYS191	172.995198	-142.227202	General
example/1nql:ChainA:ALA192	-163.013719	131.738306	General
example/1nql:ChainA:GLN193	-37.807421	-39.317705	General
example/1nql:ChainA:GLN194	-71.573233	-26.186493	General
example/1nql:ChainA:CYS195	-78.428374	121.145486	General
example/1nql:ChainA:SER196	-100.932188	47.274399	General
example/1nql:ChainA:GLY197	172.815236	-131.061506	Glycine
example/1nql:ChainA:ARG198	-113.933547	168.785902	General
example/1nql:ChainA:CYS199	-136.109959	155.922787	General
example/1nql:ChainA:ARG200	-84.031349	-10.976240	General
example/1nql:ChainA:GLY201	176.033344	176.413834	Glycine
example/1nql:ChainA:LYS202	-50.688292	-15.377304	General
example/1nql:ChainA:SER203	-112.091101	159.795941	Pre-Pro
example/1nql:ChainA:PRO204	-56.228259	-39.243635	Proline
example/1nql:ChainA:SER205	-66.361920	-23.592617	General
example/1nql:ChainA:ASP206	-65.253190	2.469200	General
example/1nql:ChainA:CYS207	-62.708704	129.822754	General
example/1nql:ChainA:CYS208	-81.948383	143.369922	General
example/1nql:ChainA:HIS209	-49.041124	148.255065	General
example/1nql:ChainA:ASN210	-66.551182	-19.317278	General
example/1nql:ChainA:GLN211	-83.468963	8.140560	General
example/1nql:ChainA:CYS212	-100.376891	145.534885	General
example/1nql:ChainA:ALA213	-101.922829	-46.666402	General
example/1nql:ChainA:ALA214	-108.272296	-4.328863	General
example/1nql:ChainA:GLY215	137.588483	173.571182	Glycine
example/1nql:ChainA:CYS216	-142.133348	166.226100	General
example/1nql:ChainA:THR217	-101.135003	-0.359719	General
example/1nql:ChainA:GLY218	-174.220682	-161.899003	Glycine
example/1nql:ChainA:PRO219	-86.669650	-16.295401	Proline
example/1nql:ChainA:ARG220	-83.638742	178.406263	General
example/1nql:ChainA:GLU221	-89.039731	1.459074	General
example/1nql:ChainA:SER222	-111.457279	4.148555	General
example/1nql:ChainA:ASP223	-107.931020	8.300000	General
example/1nql:ChainA:CYS224	-71.415316	148.008585	General
example/1nql:ChainA:LEU225	-71.956609	-46.756468	General
example/1nql:ChainA:VAL226	-141.161410	146.639177	General
example/1nql:ChainA:CYS227	-81.024556	130.572797	General
example/1nql:ChainA:ARG228	-60.372042	-37.860604	General
example/1nql:ChainA:LYS229	-124.234061	-84.047836	General
example/1nql:ChainA:PHE230	-121.958973	146.708630	General
example/1nql:ChainA:ARG231	-112.390241	110.549576	General
example/1nql:ChainA:ASP232	-110.891306	110.100739	General
example/1nql:ChainA:GLU233	62.156357	-118.577350	General
example/1nql:ChainA:ALA234	-118.130046	27.420717	General
example/1nql:ChainA:THR235	-122.130997	144.984879	General
example/1nql:ChainA:CYS236	-82.699518	135.287611	General
example/1nql:ChainA:LYS237	-134.872836	159.735979	General
example/1nql:ChainA:ASP238	-61.174760	-51.537267	General
example/1nql:ChainA:THR239	-142.278522	144.687715	General
example/1nql:ChainA:CYS240	-47.920430	143.179129	Pre-Pro
example/1nql:ChainA:PRO241	-43.396555	117.472852	Proline
example/1nql:ChainA:PRO242	-56.466211	144.075445	Proline
example/1nql:ChainA:LEU243	-71.881911	-32.490066	General
example/1nql:ChainA:MET244	-103.887741	143.028825	General
example/1nql:ChainA:LEU245	-133.814357	164.748897	General
example/1nql:ChainA:TYR246	-87.915965	120.934658	General
example/1nql:ChainA:ASN247	-101.705248	110.909290	Pre-Pro
example/1nql:ChainA:PRO248	-68.726107	-4.076719	Proline
example/1nql:ChainA:THR249	-110.082118	-27.067301	General
example/1nql:ChainA:THR250	-100.545321	-17.326649	General
example/1nql:ChainA:TYR251	60.998481	18.491008	General
example/1nql:ChainA:GLN252	-133.715688	-178.331269	General
example/1nql:ChainA:MET253	-85.658999	130.605887	General
example/1nql:ChainA:ASP254	-119.748914	177.278988	General
example/1nql:ChainA:VAL255	-72.432646	130.077580	General
example/1nql:ChainA:ASN256	-102.126453	104.820234	Pre-Pro
example/1nql:ChainA:PRO257	-64.932754	-28.499676	Proline
example/1nql:ChainA:GLU258	-87.272500	8.046282	General
example/1nql:ChainA:GLY259	-67.723183	142.480025	Glycine
example/1nql:ChainA:LYS260	-120.285931	136.578298	General
example/1nql:ChainA:TYR261	-67.474436	-173.185027	General
example/1nql:ChainA:SER262	-136.888401	114.823416	General
example/1nql:ChainA:PHE263	-124.357971	99.399708	General
example/1nql:ChainA:GLY264	60.377141	-134.868347	Glycine
example/1nql:ChainA:ALA265	-92.032366	26.387794	General
example/1nql:ChainA:THR266	-113.254517	154.141116	General
example/1nql:ChainA:CYS267	-107.262047	119.975737	General
example/1nql:ChainA:VAL268	-119.141842	152.103304	General
example/1nql:ChainA:LYS269	-65.074884	-25.397846	General
example/1nql:ChainA:LYS270	-167.137983	157.150387	General
example/1nql:ChainA:CYS271	-75.122587	130.947201	Pre-Pro
example/1nql:ChainA:PRO272	-72.515584	-172.949117	Proline
example/1nql:ChainA:ARG273	21.541713	-108.274883	General
example/1nql:ChainA:ASN274	-123.252710	89.043080	General
example/1nql:ChainA:TYR275	-125.494915	124.384259	General
example/1nql:ChainA:VAL276	-86.036729	164.091262	General
example/1nql:ChainA:VAL277	-117.453354	147.302126	General
example/1nql:ChainA:THR278	-109.423483	166.062750	General
example/1nql:ChainA:ASP279	-81.478643	18.252488	General
example/1nql:ChainA:HIS280	-99.527964	-10.856083	General
example/1nql:ChainA:GLY281	77.455691	53.333410	Glycine
example/1nql:ChainA:SER282	-126.064073	141.993715	General
example/1nql:ChainA:CYS283	-85.650438	130.865540	General
example/1nql:ChainA:VAL284	-146.761468	160.642880	General
example/1nql:ChainA:ARG285	-81.384593	-34.278764	General
example/1nql:ChainA:ALA286	-158.369726	148.352015	General
example/1nql:ChainA:CYS287	-65.339612	161.236407	General
example/1nql:ChainA:GLY288	-69.660376	169.411389	Glycine
example/1nql:ChainA:ALA289	-69.468960	-30.512323	General
example/1nql:ChainA:ASP290	-86.285119	15.631391	General
example/1nql:ChainA:SER291	-156.466948	163.252696	General
example/1nql:ChainA:TYR292	-178.039882	106.574982	General
example/1nql:ChainA:GLU293	-124.991652	170.575461	General
example/1nql:ChainA:MET294	-120.484681	-169.521132	General
example/1nql:ChainA:GLU295	-62.468561	119.943470	General
example/1nql:ChainA:GLU296	-120.311635	81.201395	General
example/1nql:ChainA:ASP297	65.892028	90.970989	General
example/1nql:ChainA:GLY298	71.493457	-91.711870	Glycine
example/1nql:ChainA:VAL299	-64.596555	126.111461	General
example/1nql:ChainA:ARG300	-65.753504	114.873066	General
example/1nql:ChainA:LYS301	-104.193513	159.587266	General
example/1nql:ChainA:CYS302	-99.358244	128.236985	General
example/1nql:ChainA:LYS303	-129.160898	165.716509	General
example/1nql:ChainA:LYS304	-88.393792	129.272128	General
example/1nql:ChainA:CYS305	-72.647413	129.998528	General
example/1nql:ChainA:GLU306	-103.313096	-11.230640	General
example/1nql:ChainA:GLY307	-90.399959	154.019377	Glycine
example/1nql:ChainA:PRO308	-60.822670	125.287410	Proline
example/1nql:ChainA:CYS309	-38.295310	126.493823	General
example/1nql:ChainA:ARG310	-35.855913	114.892240	General
example/1nql:ChainA:LYS311	-119.555334	119.199898	General
example/1nql:ChainA:VAL312	-89.425461	123.925977	General
example/1nql:ChainA:CYS313	-123.228925	141.788147	General
example/1nql:ChainA:ASN314	-47.010517	-82.662214	General
example/1nql:ChainA:GLY315	115.127091	150.745952	Glycine
example/1nql:ChainA:ILE316	-68.142153	120.252137	General
example/1nql:ChainA:GLY317	119.466851	-51.197265	Glycine
example/1nql:ChainA:ILE318	-96.060211	161.853481	General
example/1nql:ChainA:GLY319	64.106397	-137.625256	Glycine
example/1nql:ChainA:GLU320	-66.610848	-27.275983	General
example/1nql:ChainA:PHE321	-91.855008	22.596623	General
example/1nql:ChainA:LYS322	-64.704687	150.016182	General
example/1nql:ChainA:ASP323	52.373592	39.645928	General
example/1nql:ChainA:SER324	-114.639931	135.552835	General
example/1nql:ChainA:LEU325	-75.652306	-45.763781	General
example/1nql:ChainA:SER326	-152.669365	-178.545519	General
example/1nql:ChainA:ILE327	-57.218502	134.667558	General
example/1nql:ChainA:ASN328	-131.001344	-175.225230	General
example/1nql:ChainA:ALA329	-72.130031	-34.337631	General
example/1nql:ChainA:THR330	-79.508173	-15.395172	General
example/1nql:ChainA:ASN331	-96.933208	-48.694929	General
example/1nql:ChainA:ILE332	-73.268885	-16.589007	General
example/1nql:ChainA:LYS333	-65.194693	-42.390276	General
example/1nql:ChainA:HIS334	-62.324658	13.630406	General
example/1nql:ChainA:PHE335	-131.730155	36.145131	General
example/1nql:ChainA:LYS336	-68.654617	-80.536605	General
example/1nql:ChainA:ASN337	-85.419983	35.673094	General
example/1nql:ChainA:CYS338	-94.131887	128.495062	General
example/1nql:ChainA:THR339	-112.416432	-12.689020	General
example/1nql:ChainA:SER340	-147.981585	139.107785	General
example/1nql:ChainA:ILE341	-108.155299	117.044330	General
example/1nql:ChainA:SER342	-90.089857	66.098482	General
example/1nql:ChainA:GLY343	145.957532	-159.007235	Glycine
example/1nql:ChainA:ASP344	-86.204290	165.302842	General
example/1nql:ChainA:LEU345	-130.189812	113.369403	General
example/1nql:ChainA:HIS346	-106.043430	133.145281	General
example/1nql:ChainA:ILE347	-124.701344	112.975722	General
example/1nql:ChainA:LEU348	-123.993061	148.027039	Pre-Pro
example/1nql:ChainA:PRO349	-34.765041	-39.103174	Proline
example/1nql:ChainA:VAL350	-60.447639	-21.847487	General
example/1nql:ChainA:ALA351	-59.638213	-63.996077	General
example/1nql:ChainA:PHE352	-80.440948	-3.274608	General
example/1nql:ChainA:ARG353	-108.272111	-28.996003	General
example/1nql:ChainA:GLY354	86.068164	158.685271	Glycine
example/1nql:ChainA:ASP355	-132.917379	125.107715	General
example/1nql:ChainA:SER356	-65.209480	-44.154178	General
example/1nql:ChainA:PHE357	-61.366894	-55.136773	General
example/1nql:ChainA:THR358	-87.460078	15.019797	General
example/1nql:ChainA:HIS359	48.838153	52.133726	General
example/1nql:ChainA:THR360	-120.870631	107.248562	Pre-Pro
example/1nql:ChainA:PRO361	-55.391816	156.770250	Proline
example/1nql:ChainA:PRO362	-67.923733	139.156380	Proline
example/1nql:ChainA:LEU363	-80.341144	143.174831	General
example/1nql:ChainA:ASP364	-74.818449	125.476383	Pre-Pro
example/1nql:ChainA:PRO365	-63.385929	-15.283749	Proline
example/1nql:ChainA:GLN366	-75.591479	-28.404921	General
example/1nql:ChainA:GLU367	-63.098092	-17.878820	General
example/1nql:ChainA:LEU368	-59.692928	-17.833810	General
example/1nql:ChainA:ASP369	-66.533340	-9.673065	General
example/1nql:ChainA:ILE370	-67.697835	-23.709810	General
example/1nql:ChainA:LEU371	-88.116836	5.784472	General
example/1nql:ChainA:LYS372	-57.401732	-19.260741	General
example/1nql:ChainA:THR373	-90.290747	-31.383841	General
example/1nql:ChainA:VAL374	-50.341029	130.594438	General
example/1nql:ChainA:LYS375	-126.245106	-25.571887	General
example/1nql:ChainA:GLU376	-132.305784	133.440932	General
example/1nql:ChainA:ILE377	-113.379373	134.167356	General
example/1nql:ChainA:THR378	-92.909690	-40.543403	General
example/1nql:ChainA:GLY379	-80.037122	-126.760848	Glycine
example/1nql:ChainA:PHE380	-126.143259	164.477217	General
example/1nql:ChainA:LEU381	-111.805703	123.454992	General
example/1nql:ChainA:LEU382	-131.608281	115.669717	General
example/1nql:ChainA:ILE383	-124.720910	106.244182	General
example/1nql:ChainA:GLN384	-116.976048	-0.969551	General
example/1nql:ChainA:ALA385	-147.475309	170.027613	General
example/1nql:ChainA:TRP386	172.099789	138.105013	Pre-Pro
example/1nql:ChainA:PRO387	-53.026416	129.676771	Proline
example/1nql:ChainA:GLU388	-67.952116	-38.935909	General
example/1nql:ChainA:ASN389	-44.835257	-19.334864	General
example/1nql:ChainA:ARG390	-102.921646	117.416420	General
example/1nql:ChainA:THR391	-86.611016	6.064205	General
example/1nql:ChainA:ASP392	-151.531259	148.880329	General
example/1nql:ChainA:LEU393	-85.563124	46.677092	General
example/1nql:ChainA:HIS394	-70.881752	-21.910546	General
example/1nql:ChainA:ALA395	-60.637923	-21.620345	General
example/1nql:ChainA:PHE396	-103.878011	21.158465	General
example/1nql:ChainA:GLU397	-45.554921	-33.194320	General
example/1nql:ChainA:ASN398	-113.251156	15.525662	General
example/1nql:ChainA:LEU399	-75.683410	119.685653	General
example/1nql:ChainA:GLU400	-97.387167	-41.694182	General
example/1nql:ChainA:ILE401	-135.761973	136.491446	General
example/1nql:ChainA:ILE402	-119.832383	133.524730	General
example/1nql:ChainA:ARG403	-100.475818	-27.815328	General
example/1nql:ChainA:GLY404	67.482565	12.785991	Glycine
example/1nql:ChainA:ARG405	-45.971841	-32.068448	General
example/1nql:ChainA:THR406	-125.763846	144.349218	General
example/1nql:ChainA:LYS407	-132.203114	146.621242	General
example/1nql:ChainA:GLN408	-63.405942	131.284758	General
example/1nql:ChainA:HIS409	50.532915	11.037334	General
example/1nql:ChainA:GLY410	77.800184	34.999827	Glycine
example/1nql:ChainA:GLN411	-144.079713	-30.936559	General
example/1nql:ChainA:PHE412	-115.724320	120.270816	General
example/1nql:ChainA:SER413	-87.226158	-39.689565	General
example/1nql:ChainA:LEU414	-121.765665	133.280539	General
example/1nql:ChainA:ALA415	-143.761366	121.172357	General
example/1nql:ChainA:VAL416	-123.940347	108.054358	General
example/1nql:ChainA:VAL417	-140.529034	130.785854	General
example/1nql:ChainA:SER418	62.120382	47.015970	General
example/1nql:ChainA:LEU419	-117.386674	156.912864	General
example/1nql:ChainA:ASN420	-87.113553	-12.132165	General
example/1nql:ChainA:ILE421	-52.719234	155.144165	General
example/1nql:ChainA:THR422	-90.914821	-30.533490	General
example/1nql:ChainA:SER423	-150.802129	145.199606	General
example/1nql:ChainA:LEU424	-76.913643	117.417511	General
example/1nql:ChainA:GLY425	-79.529823	17.513165	Glycine
example/1nql:ChainA:LEU426	-87.466939	59.864039	General
example/1nql:ChainA:ARG427	-67.421226	-26.448155	General
example/1nql:ChainA:SER428	-87.190170	4.853204	General
example/1nql:ChainA:LEU429	-75.429218	127.863360	General
example/1nql:ChainA:LYS430	-137.913225	-14.125692	General
example/1nql:ChainA:GLU431	-145.450507	126.053400	General
example/1nql:ChainA:ILE432	-131.441667	93.299228	General
example/1nql:ChainA:SER433	-70.159177	-55.694044	General
example/1nql:ChainA:ASP434	-125.883056	10.607201	General
example/1nql:ChainA:GLY435	-122.180516	161.608989	Glycine
example/1nql:ChainA:ASP436	-80.384028	157.547232	General
example/1nql:ChainA:VAL437	-104.515733	141.601142	General
example/1nql:ChainA:ILE438	-134.479315	112.932011	General
example/1nql:ChainA:ILE439	-120.623169	110.499129	General
example/1nql:ChainA:SER440	-147.459411	143.282956	General
example/1nql:ChainA:GLY441	71.595843	4.890683	Glycine
example/1nql:ChainA:ASN442	-81.692243	81.396241	General
example/1nql:ChainA:LYS443	-63.005475	8.112778	General
example/1nql:ChainA:ASN444	-132.683729	-7.364385	General
example/1nql:ChainA:LEU445	-76.996204	121.702972	General
example/1nql:ChainA:CYS446	-115.540300	-22.653446	General
example/1nql:ChainA:TYR447	-106.981129	-17.630264	General
example/1nql:ChainA:ALA448	-43.367609	-26.175744	General
example/1nql:ChainA:ASN449	-69.944341	-42.031298	General
example/1nql:ChainA:THR450	-54.793320	-28.880711	General
example/1nql:ChainA:ILE451	-80.681766	141.737537	General
example/1nql:ChainA:ASN452	-94.810555	73.707070	General
example/1nql:ChainA:TRP453	-31.085928	-32.935797	General
example/1nql:ChainA:LYS454	-64.306922	-25.600288	General
example/1nql:ChainA:LYS455	-72.913281	-18.455387	General
example/1nql:ChainA:LEU456	-93.730777	-14.884141	General
example/1nql:ChainA:PHE457	-81.123892	147.813103	General
example/1nql:ChainA:GLY458	-119.493210	-9.393400	Glycine
example/1nql:ChainA:THR459	-119.295590	128.977289	General
example/1nql:ChainA:SER460	-83.846506	57.042819	General
example/1nql:ChainA:GLY461	-161.125929	-1.470786	Glycine
example/1nql:ChainA:GLN462	-83.669899	138.277402	General
example/1nql:ChainA:LYS463	-121.098906	175.734944	General
example/1nql:ChainA:THR464	-119.619655	170.328375	General
example/1nql:ChainA:LYS465	-149.838863	59.989822	General
example/1nql:ChainA:ILE466	-76.322794	82.471425	General
example/1nql:ChainA:ILE467	-133.009988	141.020053	General
example/1nql:ChainA:SER468	68.494234	25.541947	General
example/1nql:ChainA:ASN469	-90.636681	-148.564638	General
example/1nql:ChainA:ARG470	-76.369771	162.805674	General
example/1nql:ChainA:GLY471	-79.708190	153.799195	Glycine
example/1nql:ChainA:GLU472	-53.067263	-39.514280	General
example/1nql:ChainA:ASN473	-58.965027	-41.079682	General
example/1nql:ChainA:SER474	-63.235088	-61.314931	General
example/1nql:ChainA:CYS475	-55.409353	-52.235859	General
example/1nql:ChainA:LYS476	-46.314158	-44.597974	General
example/1nql:ChainA:ALA477	-72.959129	-41.817254	General
example/1nql:ChainA:THR478	-64.890743	-4.958125	General
example/1nql:ChainA:GLY479	62.715346	59.928306	Glycine
example/1nql:ChainA:GLN480	-130.954662	64.954244	General
example/1nql:ChainA:VAL481	-107.792330	-170.062875	General
example/1nql:ChainA:CYS482	-66.650577	160.154015	General
example/1nql:ChainA:HIS483	-67.479006	147.499576	General
example/1nql:ChainA:ALA484	-61.103592	-15.717121	General
example/1nql:ChainA:LEU485	-99.078790	11.061612	General
example/1nql:ChainA:CYS486	-94.520139	171.568358	General
example/1nql:ChainA:SER487	-99.587718	166.881939	Pre-Pro
example/1nql:ChainA:PRO488	-42.599853	-29.224062	Proline
example/1nql:ChainA:GLU489	-52.938451	-28.623414	General
example/1nql:ChainA:GLY490	129.809778	-167.126441	Glycine
example/1nql:ChainA:CYS491	-145.874851	139.603395	General
example/1nql:ChainA:TRP492	-103.944012	11.830266	General
example/1nql:ChainA:GLY493	164.055975	-163.078486	Glycine
example/1nql:ChainA:PRO494	-80.415449	-34.347114	Proline
example/1nql:ChainA:GLU495	-69.543063	166.788115	Pre-Pro
example/1nql:ChainA:PRO496	-74.081535	-28.762348	Proline
example/1nql:ChainA:ARG497	-59.404049	-9.186456	General
example/1nql:ChainA:ASP498	-110.379493	9.836865	General
example/1nql:ChainA:CYS499	-81.596529	150.914301	General
example/1nql:ChainA:VAL500	-69.732960	-42.160584	General
example/1nql:ChainA:SER501	-154.152697	160.248071	General
example/1nql:ChainA:CYS502	-95.006668	144.589869	General
example/1nql:ChainA:ARG503	-68.925982	-47.039611	General
example/1nql:ChainA:ASN504	-106.412228	-84.857050	General
example/1nql:ChainA:VAL505	-136.993695	141.876286	General
example/1nql:ChainA:SER506	-92.082112	139.429154	General
example/1nql:ChainA:ARG507	-114.889161	93.483362	General
example/1nql:ChainA:GLY508	73.615190	-51.844991	Glycine
example/1nql:ChainA:ARG509	-158.914566	-22.783541	General
example/1nql:ChainA:GLU510	-103.254087	152.752331	General
example/1nql:ChainA:CYS511	-91.060590	147.463349	General
example/1nql:ChainA:VAL512	-148.842701	162.874580	General
example/1nql:ChainA:ASP513	-90.771120	-68.644604	General
example/1nql:ChainA:LYS514	-99.090073	148.159509	General
example/1nql:ChainA:CYS515	-85.475554	167.471472	General
example/1nql:ChainA:LYS516	-88.556699	53.346529	General
example/1nql:ChainA:LEU517	-64.584166	-50.426096	General
example/1nql:ChainA:LEU518	-112.580568	-4.646246	General
example/1nql:ChainA:GLU519	-152.083045	-3.359359	General
example/1nql:ChainA:GLY520	-66.806954	173.857164	Glycine
example/1nql:ChainA:GLU521	-53.697545	-85.405329	Pre-Pro
example/1nql:ChainA:PRO522	-80.204902	160.021193	Proline
example/1nql:ChainA:ARG523	-88.531933	160.349994	General
example/1nql:ChainA:GLU524	-134.694137	157.892647	General
example/1nql:ChainA:PHE525	-112.347890	174.759747	General
example/1nql:ChainA:VAL526	-111.933963	135.984005	General
example/1nql:ChainA:GLU527	-149.282710	118.465089	General
example/1nql:ChainA:ASN528	60.319318	50.812410	General
example/1nql:ChainA:SER529	41.521788	39.037252	General
example/1nql:ChainA:GLU530	-116.966184	155.159722	General
example/1nql:ChainA:CYS531	-105.673895	107.832737	General
example/1nql:ChainA:ILE532	-108.281094	134.984111	General
example/1nql:ChainA:GLN533	-61.369630	146.712413	General
example/1nql:ChainA:CYS534	-76.670432	154.035603	General
example/1nql:ChainA:HIS535	-68.673463	139.858579	Pre-Pro
example/1nql:ChainA:PRO536	-56.450569	4.401063	Proline
example/1nql:ChainA:GLU537	-111.800694	-13.332900	General
example/1nql:ChainA:CYS538	-62.134637	118.646027	General
example/1nql:ChainA:LEU539	-73.288553	117.367726	Pre-Pro
example/1nql:ChainA:PRO540	-46.223194	129.416996	Proline
example/1nql:ChainA:GLN541	-97.850089	115.129163	General
example/1nql:ChainA:ALA542	-51.893451	118.263611	General
example/1nql:ChainA:MET543	63.898709	17.424756	General
example/1nql:ChainA:ASN544	-142.734570	166.362011	General
example/1nql:ChainA:ILE545	-65.509584	140.280589	General
example/1nql:ChainA:THR546	-95.881186	-25.703364	General
example/1nql:ChainA:CYS547	-159.961557	168.544741	General
example/1nql:ChainA:THR548	-131.396529	22.112846	General
example/1nql:ChainA:GLY549	161.962290	-174.243397	Glycine
example/1nql:ChainA:ARG550	-67.792924	156.953645	General
example/1nql:ChainA:GLY551	72.533039	178.431723	Glycine
example/1nql:ChainA:PRO552	-82.258942	-0.356023	Proline
example/1nql:ChainA:ASP553	-112.817357	37.094522	General
example/1nql:ChainA:ASN554	-138.895340	8.323001	General
example/1nql:ChainA:CYS555	-78.226832	145.611297	General
example/1nql:ChainA:ILE556	-75.902293	-25.767150	General
example/1nql:ChainA:GLN557	-161.133498	135.785564	General
example/1nql:ChainA:CYS558	-81.679668	142.030777	General
example/1nql:ChainA:ALA559	-70.572612	-33.764357	General
example/1nql:ChainA:HIS560	-121.710647	-85.068035	General
example/1nql:ChainA:TYR561	-130.463655	154.723175	General
example/1nql:ChainA:ILE562	-107.280695	128.194294	General
example/1nql:ChainA:ASP563	-134.892619	103.310549	General
example/1nql:ChainA:GLY564	53.643066	-125.075301	Glycine
example/1nql:ChainA:PRO565	-94.855657	12.010954	Proline
example/1nql:ChainA:HIS566	-99.761682	148.391768	General
example/1nql:ChainA:CYS567	-97.131266	131.209258	General
example/1nql:ChainA:VAL568	-129.727402	153.440265	General
example/1nql:ChainA:LYS569	-66.193271	-39.284800	General
example/1nql:ChainA:THR570	-144.798008	152.105231	General
example/1nql:ChainA:CYS571	-66.361456	146.048350	Pre-Pro
example/1nql:ChainA:PRO572	-51.683648	120.363982	Proline
example/1nql:ChainA:ALA573	-128.153009	91.775343	General
example/1nql:ChainA:GLY574	76.063580	43.828455	Glycine
example/1nql:ChainA:VAL575	-92.076869	155.995492	General
example/1nql:ChainA:MET576	-72.244910	139.030000	General
example/1nql:ChainA:GLY577	-123.826671	-176.026812	Glycine
example/1nql:ChainA:GLU578	-80.298131	99.931390	General
example/1nql:ChainA:ASN579	-12.858351	-161.919386	General
example/1nql:ChainA:ASN580	52.783970	-17.490745	General
example/1nql:ChainA:THR581	-164.786570	173.350300	General
example/1nql:ChainA:LEU582	-90.646877	137.009528	General
example/1nql:ChainA:VAL583	-73.303060	132.147430	General
example/1nql:ChainA:TRP584	-138.096246	126.383172	General
example/1nql:ChainA:LYS585	-124.854362	160.017360	General
example/1nql:ChainA:TYR586	-113.968008	169.525223	General
example/1nql:ChainA:ALA587	-103.878479	131.140662	General
example/1nql:ChainA:ASP588	-82.311763	157.707571	General
example/1nql:ChainA:ALA589	-49.175194	-19.923235	General
example/1nql:ChainA:GLY590	-81.607820	-3.556012	Glycine
example/1nql:ChainA:HIS591	73.778689	13.121652	General
example/1nql:ChainA:VAL592	-78.235739	134.756477	General
example/1nql:ChainA:CYS593	-82.956574	136.751832	General
example/1nql:ChainA:HIS594	-136.579121	136.997031	General
example/1nql:ChainA:LEU595	-53.595743	130.632894	General
example/1nql:ChainA:CYS596	-64.575819	162.863215	General
example/1nql:ChainA:HIS597	-54.443717	132.807572	Pre-Pro
example/1nql:ChainA:PRO598	-53.999506	-30.006079	Proline
example/1nql:ChainA:ASN599	-79.745552	19.193267	General
example/1nql:ChainA:CYS600	-86.642357	-90.303477	General
example/1nql:ChainA:THR601	93.543494	-28.279092	General
example/1nql:ChainA:TYR602	-91.031717	-22.031709	General
example/1nql:ChainA:GLY603	115.710481	173.581495	Glycine
example/1nql:ChainA:CYS604	-143.656315	174.290637	General
example/1nql:ChainA:THR605	-124.391680	-0.937259	General
example/1nql:ChainA:GLY606	-170.922098	-169.749677	Glycine
example/1nql:ChainA:PRO607	-77.840353	158.407845	Proline
example/1nql:ChainA:GLY608	61.950577	-168.831502	Glycine
example/1nql:ChainA:LEU609	-68.971351	-28.414151	General
example/1nql:ChainA:GLU610	-64.820174	-15.505187	General
example/1nql:ChainA:GLY611	-64.888764	-59.558257	Glycine
example/1nql:ChainA:CYS612	-94.516145	114.075129	Pre-Pro
example/1nql:ChainA:PRO613	-89.000233	125.603817	Proline
example/1nql:ChainB:SER4	-113.442181	120.246323	General
example/1nql:ChainB:GLU5	-46.326015	117.987720	General
example/1nql:ChainB:CYS6	-130.664365	116.948879	Pre-Pro
example/1nql:ChainB:PRO7	-71.679215	61.382408	Proline
example/1nql:ChainB:LEU8	-84.824308	178.058911	General
example/1nql:ChainB:SER9	-43.974600	-41.607762	General
example/1nql:ChainB:HIS10	-111.913493	27.323460	General
example/1nql:ChainB:ASP11	38.528884	50.393895	General
example/1nql:ChainB:GLY12	-93.474332	-143.924219	Glycine
example/1nql:ChainB:TYR13	-139.194688	139.636662	General
example/1nql:ChainB:CYS14	-70.070624	124.012822	General
example/1nql:ChainB:LEU15	-105.073226	-170.870038	General
example/1nql:ChainB:HIS16	46.221215	45.587302	General
example/1nql:ChainB:ASP17	79.283167	0.245232	General
example/1nql:ChainB:GLY18	-72.628249	171.247813	Glycine
example/1nql:ChainB:VAL19	-135.432170	151.349830	General
example/1nql:ChainB:CYS20	-81.577204	139.011256	General
example/1nql:ChainB:MET21	-140.633656	162.698085	General
example/1nql:ChainB:TYR22	-120.598435	122.093438	General
example/1nql:ChainB:ILE23	-84.653566	114.733304	General
example/1nql:ChainB:GLU24	-74.875794	-37.484194	General
example/1nql:ChainB:ALA25	-49.591039	-67.820796	General
example/1nql:ChainB:LEU26	-69.213381	-178.046088	General
example/1nql:ChainB:ASP27	-128.366796	76.886610	General
example/1nql:ChainB:LYS28	-148.926806	146.181797	General
example/1nql:ChainB:TYR29	-100.574670	156.441152	General
example/1nql:ChainB:ALA30	-158.710902	-178.982222	General
example/1nql:ChainB:CYS31	-103.945331	154.222329	General
example/1nql:ChainB:ASN32	-107.547772	91.954239	General
example/1nql:ChainB:CYS33	-65.611672	141.533104	General
example/1nql:ChainB:VAL34	-62.629345	151.220674	General
example/1nql:ChainB:VAL35	-53.020974	135.176368	General
example/1nql:ChainB:GLY36	92.574510	18.909867	Glycine
example/1nql:ChainB:TYR37	-139.416896	143.261669	General
example/1nql:ChainB:ILE38	-124.183210	168.484664	General
example/1nql:ChainB:GLY39	96.520916	161.567755	Glycine
example/1nql:ChainB:GLU40	-56.976586	-45.261156	General
example/1nql:ChainB:ARG41	-98.270931	15.573153	General
example/1nql:ChainB:CYS42	66.890396	24.356424	General
example/1nql:ChainB:GLN43	-80.495869	-1.596443	General
example/1nql:ChainB:TYR44	-133.327647	135.501545	General
example/1nql:ChainB:ARG45	-64.587373	137.174452	General
example/1nql:ChainB:ASP46	-54.331398	-11.105717	General
example/1nql:ChainB:LEU47	77.520967	-8.978352	General
example/1nql:ChainB:LYS48	-141.254023	-48.737211	General
example/1nql:ChainB:TRP49	-75.012413	102.846031	General
