example/1rzt:ChainA:THR250	-59.984308	141.759280	General
example/1rzt:ChainA:ASN251	-92.809254	109.995497	General
example/1rzt:ChainA:HIS252	-89.475745	9.214891	General
example/1rzt:ChainA:ASN253	-137.550335	46.349896	General
example/1rzt:ChainA:LEU254	-63.261124	-46.292424	General
example/1rzt:ChainA:HIS255	-59.129860	-36.900251	General
example/1rzt:ChainA:ILE256	-70.142650	-59.205530	General
example/1rzt:ChainA:THR257	-59.229260	-23.356369	General
example/1rzt:ChainA:GLU258	-70.490000	-43.098757	General
example/1rzt:ChainA:LYS259	-73.680531	-32.124783	General
example/1rzt:ChainA:LEU260	-71.287775	-33.951520	General
example/1rzt:ChainA:GLU261	-66.455070	-33.139260	General
example/1rzt:ChainA:VAL262	-67.884037	-41.188679	General
example/1rzt:ChainA:LEU263	-68.322458	-44.361697	General
example/1rzt:ChainA:ALA264	-57.736150	-44.593814	General
example/1rzt:ChainA:LYS265	-61.725945	-34.873724	General
example/1rzt:ChainA:ALA266	-62.857672	-51.296247	General
example/1rzt:ChainA:TYR267	-59.538975	-42.672690	General
example/1rzt:ChainA:SER268	-58.415848	-47.940617	General
example/1rzt:ChainA:VAL269	-71.245218	-18.987707	General
example/1rzt:ChainA:GLN270	-97.714967	10.511274	General
example/1rzt:ChainA:GLY271	99.261230	-12.609279	Glycine
example/1rzt:ChainA:ASP272	-80.376555	69.889157	General
example/1rzt:ChainA:LYS273	-61.252326	-38.285034	General
example/1rzt:ChainA:TRP274	-66.718822	-43.176789	General
example/1rzt:ChainA:ARG275	-64.560623	-36.839200	General
example/1rzt:ChainA:ALA276	-66.578749	-37.940662	General
example/1rzt:ChainA:LEU277	-59.719226	-51.516482	General
example/1rzt:ChainA:GLY278	-51.317123	-43.337388	Glycine
example/1rzt:ChainA:TYR279	-63.383850	-44.951699	General
example/1rzt:ChainA:ALA280	-59.434962	-39.273849	General
example/1rzt:ChainA:LYS281	-70.884373	-37.551955	General
example/1rzt:ChainA:ALA282	-68.198364	-42.521452	General
example/1rzt:ChainA:ILE283	-61.137750	-36.959734	General
example/1rzt:ChainA:ASN284	-61.209292	-51.144589	General
example/1rzt:ChainA:ALA285	-55.886470	-39.523659	General
example/1rzt:ChainA:LEU286	-66.226468	-50.837135	General
example/1rzt:ChainA:LYS287	-55.254686	-28.134425	General
example/1rzt:ChainA:SER288	-104.514245	20.143208	General
example/1rzt:ChainA:PHE289	-83.923338	145.386448	General
example/1rzt:ChainA:HIS290	-63.744230	-15.662127	General
example/1rzt:ChainA:LYS291	-156.656841	165.028766	Pre-Pro
example/1rzt:ChainA:PRO292	-60.000827	134.961857	Proline
example/1rzt:ChainA:VAL293	-64.040014	132.890703	General
example/1rzt:ChainA:THR294	-114.604949	-12.945977	General
example/1rzt:ChainA:SER295	-147.564895	154.851721	General
example/1rzt:ChainA:TYR296	-60.998433	-45.018086	General
example/1rzt:ChainA:GLN297	-57.441797	-47.374003	General
example/1rzt:ChainA:GLU298	-62.140958	-40.949203	General
example/1rzt:ChainA:ALA299	-62.738497	-45.204685	General
example/1rzt:ChainA:CYS300	-60.366774	-28.040889	General
example/1rzt:ChainA:SER301	-69.557685	-25.266241	General
example/1rzt:ChainA:ILE302	-73.934715	128.136200	Pre-Pro
example/1rzt:ChainA:PRO303	-61.788628	123.848903	Proline
example/1rzt:ChainA:GLY304	111.198421	-11.989326	Glycine
example/1rzt:ChainA:ILE305	-116.302320	113.792907	General
example/1rzt:ChainA:GLY306	-101.772997	-168.999123	Glycine
example/1rzt:ChainA:LYS307	-54.943377	-50.674363	General
example/1rzt:ChainA:ARG308	-57.415795	-45.705606	General
example/1rzt:ChainA:MET309	-70.574097	-42.667361	General
example/1rzt:ChainA:ALA310	-59.798285	-38.465287	General
example/1rzt:ChainA:GLU311	-57.909923	-41.271989	General
example/1rzt:ChainA:LYS312	-77.904574	-35.756484	General
example/1rzt:ChainA:ILE313	-60.935370	-50.797422	General
example/1rzt:ChainA:ILE314	-64.672434	-35.121280	General
example/1rzt:ChainA:GLU315	-60.317097	-50.985405	General
example/1rzt:ChainA:ILE316	-61.194442	-45.475080	General
example/1rzt:ChainA:LEU317	-55.798457	-45.934262	General
example/1rzt:ChainA:GLU318	-88.074802	-31.800651	General
example/1rzt:ChainA:SER319	-102.256114	-15.120142	General
example/1rzt:ChainA:GLY320	82.214268	-11.179303	Glycine
example/1rzt:ChainA:HIS321	-131.172531	168.847010	General
example/1rzt:ChainA:LEU322	-128.676384	100.141809	General
example/1rzt:ChainA:ARG323	-56.223080	-31.063967	General
example/1rzt:ChainA:LYS324	-56.559826	-20.479650	General
example/1rzt:ChainA:LEU325	-74.828775	-31.534226	General
example/1rzt:ChainA:ASP326	-74.547290	0.588431	General
example/1rzt:ChainA:HIS327	-119.825999	23.979886	General
example/1rzt:ChainA:ILE328	-87.212393	132.584733	General
example/1rzt:ChainA:SER329	-49.152477	140.243650	General
example/1rzt:ChainA:GLU330	-70.431060	-12.686425	General
example/1rzt:ChainA:SER331	-76.943374	-17.891462	General
example/1rzt:ChainA:VAL332	-47.924027	-45.073502	Pre-Pro
example/1rzt:ChainA:PRO333	-59.318485	-38.506275	Proline
example/1rzt:ChainA:VAL334	-76.384766	-34.976356	General
example/1rzt:ChainA:LEU335	-66.799202	-31.809842	General
example/1rzt:ChainA:GLU336	-73.870815	-40.017043	General
example/1rzt:ChainA:LEU337	-55.294506	-53.230110	General
example/1rzt:ChainA:PHE338	-65.732493	-41.729098	General
example/1rzt:ChainA:SER339	-70.252173	-10.739440	General
example/1rzt:ChainA:ASN340	-78.090291	-4.541951	General
example/1rzt:ChainA:ILE341	-84.053834	123.402303	General
example/1rzt:ChainA:TRP342	-59.776762	123.869121	General
example/1rzt:ChainA:GLY343	105.396475	-15.152486	Glycine
example/1rzt:ChainA:ALA344	-111.580262	115.090839	General
example/1rzt:ChainA:GLY345	-97.334073	-158.752093	Glycine
example/1rzt:ChainA:THR346	-64.275663	-44.297858	General
example/1rzt:ChainA:LYS347	-58.440550	-44.148704	General
example/1rzt:ChainA:THR348	-67.814091	-42.866913	General
example/1rzt:ChainA:ALA349	-57.686913	-47.528434	General
example/1rzt:ChainA:GLN350	-55.245734	-52.232374	General
example/1rzt:ChainA:MET351	-56.692763	-49.780528	General
example/1rzt:ChainA:TRP352	-60.569168	-37.468183	General
example/1rzt:ChainA:TYR353	-65.695134	-41.662465	General
example/1rzt:ChainA:GLN354	-65.172527	-15.479729	General
example/1rzt:ChainA:GLN355	-93.307940	6.945178	General
example/1rzt:ChainA:GLY356	85.712990	-5.498509	Glycine
example/1rzt:ChainA:PHE357	-64.401784	142.827476	General
example/1rzt:ChainA:ARG358	-136.174979	-20.302203	General
example/1rzt:ChainA:SER359	-125.999120	176.033901	General
example/1rzt:ChainA:LEU360	-71.978054	-38.441854	General
example/1rzt:ChainA:GLU361	-58.273524	-38.714280	General
example/1rzt:ChainA:ASP362	-60.313667	-44.519089	General
example/1rzt:ChainA:ILE363	-62.598661	-51.517290	General
example/1rzt:ChainA:ARG364	-59.533540	-31.822346	General
example/1rzt:ChainA:SER365	-93.621880	-34.026548	General
example/1rzt:ChainA:GLN366	-122.225579	-19.465131	General
example/1rzt:ChainA:ALA367	-77.408810	148.301249	General
example/1rzt:ChainA:SER368	-84.237899	135.750839	General
example/1rzt:ChainA:LEU369	-129.651956	139.002233	General
example/1rzt:ChainA:THR370	-74.599127	168.698900	General
example/1rzt:ChainA:THR371	-60.363605	-44.368835	General
example/1rzt:ChainA:GLN372	-62.181878	-48.507885	General
example/1rzt:ChainA:GLN373	-58.329160	-38.511697	General
example/1rzt:ChainA:ALA374	-62.616560	-40.623899	General
example/1rzt:ChainA:ILE375	-67.424122	-43.127754	General
example/1rzt:ChainA:GLY376	-61.989259	-37.910113	Glycine
example/1rzt:ChainA:LEU377	-69.334036	-45.143685	General
example/1rzt:ChainA:LYS378	-66.840699	-18.976177	General
example/1rzt:ChainA:HIS379	-113.761065	21.642095	General
example/1rzt:ChainA:TYR380	-41.922114	-61.815577	General
example/1rzt:ChainA:SER381	-60.881252	-47.175396	General
example/1rzt:ChainA:ASP382	-58.095115	-42.000933	General
example/1rzt:ChainA:PHE383	-76.232849	-17.993677	General
example/1rzt:ChainA:LEU384	-84.149878	-22.008487	General
example/1rzt:ChainA:GLU385	-79.693013	149.199651	General
example/1rzt:ChainA:ARG386	-97.604858	128.180867	General
example/1rzt:ChainA:MET387	-81.782294	155.199160	Pre-Pro
example/1rzt:ChainA:PRO388	-65.719218	148.210581	Proline
example/1rzt:ChainA:ARG389	-62.701833	-19.889522	General
example/1rzt:ChainA:GLU390	-63.316051	-34.537778	General
example/1rzt:ChainA:GLU391	-74.818608	-39.070475	General
example/1rzt:ChainA:ALA392	-59.183618	-39.664915	General
example/1rzt:ChainA:THR393	-58.874512	-46.014687	General
example/1rzt:ChainA:GLU394	-63.356929	-35.763376	General
example/1rzt:ChainA:ILE395	-65.197681	-47.383531	General
example/1rzt:ChainA:GLU396	-60.173104	-43.697135	General
example/1rzt:ChainA:GLN397	-63.456815	-30.865837	General
example/1rzt:ChainA:THR398	-68.256162	-47.508606	General
example/1rzt:ChainA:VAL399	-64.966373	-45.418976	General
example/1rzt:ChainA:GLN400	-60.901013	-40.549584	General
example/1rzt:ChainA:LYS401	-61.749333	-46.404818	General
example/1rzt:ChainA:ALA402	-63.306217	-38.973117	General
example/1rzt:ChainA:ALA403	-67.982604	-51.384229	General
example/1rzt:ChainA:GLN404	-63.116266	-17.477494	General
example/1rzt:ChainA:ALA405	-70.954947	-22.480626	General
example/1rzt:ChainA:PHE406	-88.582034	-38.374173	General
example/1rzt:ChainA:ASN407	-155.322528	109.296846	General
example/1rzt:ChainA:SER408	-61.778922	-10.799237	General
example/1rzt:ChainA:GLY409	-87.797627	-10.798926	Glycine
example/1rzt:ChainA:LEU410	-58.468006	145.751455	General
example/1rzt:ChainA:LEU411	-112.039331	122.609962	General
example/1rzt:ChainA:CYS412	-118.832738	134.372973	General
example/1rzt:ChainA:VAL413	-141.987794	129.125877	General
example/1rzt:ChainA:ALA414	-81.681609	130.567719	General
example/1rzt:ChainA:CYS415	-106.609732	-133.900287	General
example/1rzt:ChainA:GLY416	51.057462	-153.764569	Glycine
example/1rzt:ChainA:SER417	-61.646262	-26.488095	General
example/1rzt:ChainA:TYR418	-58.815281	-51.605645	General
example/1rzt:ChainA:ARG419	-66.321047	-25.884204	General
example/1rzt:ChainA:ARG420	-79.022701	6.489227	General
example/1rzt:ChainA:GLY421	76.860545	22.356267	Glycine
example/1rzt:ChainA:LYS422	-76.075114	145.042106	General
example/1rzt:ChainA:ALA423	-64.150505	-28.112425	General
example/1rzt:ChainA:THR424	-135.673502	156.171093	General
example/1rzt:ChainA:CYS425	-134.757290	143.674732	General
example/1rzt:ChainA:GLY426	-80.414704	-18.574602	Glycine
example/1rzt:ChainA:ASP427	-166.838589	-177.134332	General
example/1rzt:ChainA:VAL428	-133.986358	131.737515	General
example/1rzt:ChainA:ASP429	-122.413967	110.885151	General
example/1rzt:ChainA:VAL430	-100.025818	117.211776	General
example/1rzt:ChainA:LEU431	-96.286256	128.250680	General
example/1rzt:ChainA:ILE432	-122.550120	139.087754	General
example/1rzt:ChainA:THR433	-156.402107	178.816826	General
example/1rzt:ChainA:HIS434	-139.319545	131.593133	Pre-Pro
example/1rzt:ChainA:PRO435	-58.071297	-28.263251	Proline
example/1rzt:ChainA:ASP436	-73.032301	-3.375761	General
example/1rzt:ChainA:GLY437	77.312617	-2.577754	Glycine
example/1rzt:ChainA:ARG438	-137.600618	-24.854840	General
example/1rzt:ChainA:SER439	-69.722285	-2.281378	General
example/1rzt:ChainA:HIS440	-76.644820	-19.986983	General
example/1rzt:ChainA:ARG441	-69.439432	139.821708	General
example/1rzt:ChainA:GLY442	73.761167	24.249084	Glycine
example/1rzt:ChainA:ILE443	-109.344464	-50.691901	General
example/1rzt:ChainA:PHE444	-37.942422	-63.316285	General
example/1rzt:ChainA:SER445	-57.258240	-47.917325	General
example/1rzt:ChainA:ARG446	-73.544754	-23.412139	General
example/1rzt:ChainA:LEU447	-66.838449	-48.741450	General
example/1rzt:ChainA:LEU448	-59.909982	-40.979564	General
example/1rzt:ChainA:ASP449	-61.562809	-46.177631	General
example/1rzt:ChainA:SER450	-60.102641	-46.584259	General
example/1rzt:ChainA:LEU451	-66.114055	-34.156928	General
example/1rzt:ChainA:ARG452	-71.701138	-42.076913	General
example/1rzt:ChainA:GLN453	-65.226257	-34.089483	General
example/1rzt:ChainA:GLU454	-80.386235	1.799384	General
example/1rzt:ChainA:GLY455	78.531755	6.359916	Glycine
example/1rzt:ChainA:PHE456	-73.557037	-45.480131	General
example/1rzt:ChainA:LEU457	-84.799096	128.705946	General
example/1rzt:ChainA:THR458	-110.288971	-21.821720	General
example/1rzt:ChainA:ASP459	-155.424842	146.601539	General
example/1rzt:ChainA:ASP460	-112.838268	132.009437	General
example/1rzt:ChainA:LEU461	-92.722186	-39.687620	General
example/1rzt:ChainA:VAL462	-150.252683	103.101227	General
example/1rzt:ChainA:SER463	-62.607019	-32.079235	General
example/1rzt:ChainA:GLN464	-159.932190	127.432946	General
example/1rzt:ChainA:GLU465	-124.172547	125.885265	General
example/1rzt:ChainA:GLU466	-108.603169	112.051456	General
example/1rzt:ChainA:ASN467	-119.585120	92.752771	General
example/1rzt:ChainA:GLY468	64.454134	-130.683337	Glycine
example/1rzt:ChainA:GLN469	-88.598325	5.982801	General
example/1rzt:ChainA:GLN470	-95.474765	137.678978	General
example/1rzt:ChainA:GLN471	-116.364492	126.662709	General
example/1rzt:ChainA:LYS472	-124.925337	140.256207	General
example/1rzt:ChainA:TYR473	-117.287502	137.275229	General
example/1rzt:ChainA:LEU474	-125.807254	119.608033	General
example/1rzt:ChainA:GLY475	-157.003135	-157.603710	Glycine
example/1rzt:ChainA:VAL476	-131.800445	135.980744	General
example/1rzt:ChainA:CYS477	-131.049489	167.660980	General
example/1rzt:ChainA:ARG478	-153.789599	124.384228	General
example/1rzt:ChainA:LEU479	-69.225218	153.343075	Pre-Pro
example/1rzt:ChainA:PRO480	-64.756796	156.958207	Proline
example/1rzt:ChainA:GLY481	113.734173	154.944755	Glycine
example/1rzt:ChainA:PRO482	-76.261517	149.285133	Proline
example/1rzt:ChainA:GLY483	77.673736	-0.430903	Glycine
example/1rzt:ChainA:ARG484	-76.918440	143.454947	General
example/1rzt:ChainA:ARG485	-98.671671	162.655170	General
example/1rzt:ChainA:HIS486	-79.739131	143.008138	General
example/1rzt:ChainA:ARG487	-133.525573	152.415011	General
example/1rzt:ChainA:ARG488	-76.159391	133.200767	General
example/1rzt:ChainA:LEU489	-138.927713	131.625074	General
example/1rzt:ChainA:ASP490	-117.570125	137.550515	General
example/1rzt:ChainA:ILE491	-124.611083	127.237112	General
example/1rzt:ChainA:ILE492	-125.561159	122.928697	General
example/1rzt:ChainA:VAL493	-109.515156	125.157832	General
example/1rzt:ChainA:VAL494	-134.095296	157.495248	Pre-Pro
example/1rzt:ChainA:PRO495	-72.567105	145.277524	Proline
example/1rzt:ChainA:TYR496	-52.662304	-36.487594	General
example/1rzt:ChainA:SER497	-62.953050	-20.226828	General
example/1rzt:ChainA:GLU498	-106.587076	5.993503	General
example/1rzt:ChainA:PHE499	-57.336183	-46.189856	General
example/1rzt:ChainA:ALA500	-59.930395	-47.927779	General
example/1rzt:ChainA:CYS501	-69.034881	-32.619163	General
example/1rzt:ChainA:ALA502	-69.407457	-44.100918	General
example/1rzt:ChainA:LEU503	-53.741344	-52.304333	General
example/1rzt:ChainA:LEU504	-57.347608	-47.618499	General
example/1rzt:ChainA:TYR505	-64.313860	-49.478955	General
example/1rzt:ChainA:PHE506	-76.747099	-15.347751	General
example/1rzt:ChainA:THR507	-81.622796	-32.966254	General
example/1rzt:ChainA:GLY508	61.951597	-146.220779	Glycine
example/1rzt:ChainA:SER509	-71.700939	-178.090347	General
example/1rzt:ChainA:ALA510	-59.970600	-34.318713	General
example/1rzt:ChainA:HIS511	-72.993955	-42.535359	General
example/1rzt:ChainA:PHE512	-60.069437	-43.528093	General
example/1rzt:ChainA:ASN513	-61.158515	-35.686643	General
example/1rzt:ChainA:ARG514	-68.378107	-43.257339	General
example/1rzt:ChainA:SER515	-65.530034	-35.012474	General
example/1rzt:ChainA:MET516	-70.705713	-36.210404	General
example/1rzt:ChainA:ARG517	-69.831906	-40.459151	General
example/1rzt:ChainA:ALA518	-66.705314	-41.834347	General
example/1rzt:ChainA:LEU519	-64.951876	-40.637852	General
example/1rzt:ChainA:ALA520	-62.266522	-36.395729	General
example/1rzt:ChainA:LYS521	-62.979623	-41.451778	General
example/1rzt:ChainA:THR522	-64.769278	-20.452496	General
example/1rzt:ChainA:LYS523	-106.403341	20.026492	General
example/1rzt:ChainA:GLY524	67.025718	34.702618	Glycine
example/1rzt:ChainA:MET525	-138.001717	170.117454	General
example/1rzt:ChainA:SER526	-134.351984	145.611149	General
example/1rzt:ChainA:LEU527	-125.760427	124.130813	General
example/1rzt:ChainA:SER528	-131.290689	-176.079644	General
example/1rzt:ChainA:GLU529	-70.707637	-13.492286	General
example/1rzt:ChainA:HIS530	-94.589406	-46.419638	General
example/1rzt:ChainA:ALA531	-169.234080	174.445466	General
example/1rzt:ChainA:LEU532	-105.238469	118.273186	General
example/1rzt:ChainA:SER533	-127.706947	163.133275	General
example/1rzt:ChainA:THR534	-76.566524	159.202893	General
example/1rzt:ChainA:ALA535	-51.357215	143.776081	General
example/1rzt:ChainA:VAL536	-71.141167	148.412586	General
example/1rzt:ChainA:VAL537	-74.685874	119.982646	General
example/1rzt:ChainA:ARG538	-112.553558	159.595694	General
example/1rzt:ChainA:ASN539	-106.418154	-177.485018	General
example/1rzt:ChainA:THR540	-43.067162	-23.069351	General
example/1rzt:ChainA:HIS541	-108.004144	22.088948	General
example/1rzt:ChainA:GLY542	51.804813	46.730918	Glycine
example/1rzt:ChainA:CYS543	-120.536762	140.848868	General
example/1rzt:ChainA:LYS544	-54.210318	113.767665	General
example/1rzt:ChainA:VAL545	-121.235314	-17.735478	General
example/1rzt:ChainA:GLY546	-163.833773	129.559056	Glycine
example/1rzt:ChainA:PRO547	-61.615550	146.504980	Proline
example/1rzt:ChainA:GLY548	-74.680347	171.680429	Glycine
example/1rzt:ChainA:ARG549	-93.032023	138.860888	General
example/1rzt:ChainA:VAL550	-66.876330	130.431569	General
example/1rzt:ChainA:LEU551	-99.492271	108.254802	Pre-Pro
example/1rzt:ChainA:PRO552	-48.608244	132.509124	Proline
example/1rzt:ChainA:THR553	-138.453989	92.020406	Pre-Pro
example/1rzt:ChainA:PRO554	-61.284089	-34.777965	Proline
example/1rzt:ChainA:THR555	-134.698935	168.674158	General
example/1rzt:ChainA:GLU556	-59.350305	-39.991426	General
example/1rzt:ChainA:LYS557	-54.449961	-37.670203	General
example/1rzt:ChainA:ASP558	-61.149482	-40.319955	General
example/1rzt:ChainA:VAL559	-62.646378	-44.235514	General
example/1rzt:ChainA:PHE560	-66.512323	-46.284579	General
example/1rzt:ChainA:ARG561	-53.159336	-52.440307	General
example/1rzt:ChainA:LEU562	-62.922254	-21.841429	General
example/1rzt:ChainA:LEU563	-92.426219	-0.536668	General
example/1rzt:ChainA:GLY564	69.149265	35.673665	Glycine
example/1rzt:ChainA:LEU565	-120.723621	151.102132	Pre-Pro
example/1rzt:ChainA:PRO566	-75.447744	141.535483	Proline
example/1rzt:ChainA:TYR567	-62.493547	142.616359	General
example/1rzt:ChainA:ARG568	-124.031699	122.642517	General
example/1rzt:ChainA:GLU569	-62.434447	151.568245	Pre-Pro
example/1rzt:ChainA:PRO570	-48.959265	-44.795892	Proline
example/1rzt:ChainA:ALA571	-61.701723	-18.223012	General
example/1rzt:ChainA:GLU572	-98.084479	13.814867	General
example/1rzt:ChainA:ARG573	-104.684088	30.985310	General
example/1rzt:ChainA:ASP574	-69.690624	-29.969269	General
example/1rzt:ChainE:ASN251	-87.621730	98.847100	General
example/1rzt:ChainE:HIS252	-79.601572	-3.759447	General
example/1rzt:ChainE:ASN253	-124.318152	25.819131	General
example/1rzt:ChainE:LEU254	-48.330149	-38.179321	General
example/1rzt:ChainE:HIS255	-66.038791	-21.749045	General
example/1rzt:ChainE:ILE256	-91.370790	-56.165357	General
example/1rzt:ChainE:THR257	-50.986446	-37.384576	General
example/1rzt:ChainE:GLU258	-61.847218	-39.641276	General
example/1rzt:ChainE:LYS259	-70.405293	-44.145890	General
example/1rzt:ChainE:LEU260	-64.620498	-38.974013	General
example/1rzt:ChainE:GLU261	-58.640429	-39.337848	General
example/1rzt:ChainE:VAL262	-63.924600	-41.332319	General
example/1rzt:ChainE:LEU263	-70.356265	-43.134832	General
example/1rzt:ChainE:ALA264	-57.570287	-40.303006	General
example/1rzt:ChainE:LYS265	-66.940208	-39.238777	General
example/1rzt:ChainE:ALA266	-58.627533	-47.850443	General
example/1rzt:ChainE:TYR267	-62.992239	-42.838344	General
example/1rzt:ChainE:SER268	-56.083258	-55.461832	General
example/1rzt:ChainE:VAL269	-62.542100	-28.421738	General
example/1rzt:ChainE:GLN270	-81.924605	-8.914984	General
example/1rzt:ChainE:GLY271	104.615228	3.989381	Glycine
example/1rzt:ChainE:ASP272	-89.939277	58.980629	General
example/1rzt:ChainE:LYS273	-48.346486	-41.706878	General
example/1rzt:ChainE:TRP274	-66.310408	-49.243874	General
example/1rzt:ChainE:ARG275	-59.118674	-36.155666	General
example/1rzt:ChainE:ALA276	-66.502796	-39.270805	General
example/1rzt:ChainE:LEU277	-61.629594	-42.884278	General
example/1rzt:ChainE:GLY278	-59.831958	-44.099385	Glycine
example/1rzt:ChainE:TYR279	-64.374207	-39.579185	General
example/1rzt:ChainE:ALA280	-61.569560	-48.462652	General
example/1rzt:ChainE:LYS281	-65.754626	-38.686467	General
example/1rzt:ChainE:ALA282	-64.564934	-39.962700	General
example/1rzt:ChainE:ILE283	-60.941904	-44.192453	General
example/1rzt:ChainE:ASN284	-71.222294	-36.344638	General
example/1rzt:ChainE:ALA285	-60.028126	-26.193775	General
example/1rzt:ChainE:LEU286	-82.076823	-45.653360	General
example/1rzt:ChainE:LYS287	-63.078115	-34.750290	General
example/1rzt:ChainE:SER288	-85.205869	-13.324318	General
example/1rzt:ChainE:PHE289	-53.602192	141.414609	General
example/1rzt:ChainE:HIS290	-67.572308	-19.967629	General
example/1rzt:ChainE:LYS291	-147.532350	167.377878	Pre-Pro
example/1rzt:ChainE:PRO292	-67.446130	124.223653	Proline
example/1rzt:ChainE:VAL293	-63.653550	126.074400	General
example/1rzt:ChainE:THR294	-117.369246	-3.505089	General
example/1rzt:ChainE:SER295	-157.010475	162.524133	General
example/1rzt:ChainE:TYR296	-58.868936	-47.213522	General
example/1rzt:ChainE:GLN297	-55.791113	-57.591765	General
example/1rzt:ChainE:GLU298	-56.206900	-39.762967	General
example/1rzt:ChainE:ALA299	-58.374387	-48.991347	General
example/1rzt:ChainE:CYS300	-65.932336	-6.483141	General
example/1rzt:ChainE:SER301	-91.409567	-4.500590	General
example/1rzt:ChainE:ILE302	-98.205609	123.446893	Pre-Pro
example/1rzt:ChainE:PRO303	-58.458384	135.070426	Proline
example/1rzt:ChainE:GLY304	96.297023	-7.588336	Glycine
example/1rzt:ChainE:ILE305	-121.115995	100.966222	General
example/1rzt:ChainE:GLY306	-89.227816	-168.071316	Glycine
example/1rzt:ChainE:LYS307	-58.337383	-47.570471	General
example/1rzt:ChainE:ARG308	-52.760644	-47.101438	General
example/1rzt:ChainE:MET309	-71.195285	-39.740806	General
example/1rzt:ChainE:ALA310	-60.858465	-38.217762	General
example/1rzt:ChainE:GLU311	-61.623756	-45.889990	General
example/1rzt:ChainE:LYS312	-66.757882	-36.381787	General
example/1rzt:ChainE:ILE313	-62.272199	-50.197791	General
example/1rzt:ChainE:ILE314	-61.590404	-35.974097	General
example/1rzt:ChainE:GLU315	-62.526448	-43.995702	General
example/1rzt:ChainE:ILE316	-67.876349	-34.303091	General
example/1rzt:ChainE:LEU317	-70.222204	-45.649800	General
example/1rzt:ChainE:GLU318	-82.766652	-33.699191	General
example/1rzt:ChainE:SER319	-104.281004	-22.675057	General
example/1rzt:ChainE:GLY320	89.490836	3.797277	Glycine
example/1rzt:ChainE:HIS321	-145.090277	170.802112	General
example/1rzt:ChainE:LEU322	-128.905988	87.185044	General
example/1rzt:ChainE:ARG323	-38.706193	-40.164981	General
example/1rzt:ChainE:LYS324	-45.814605	-32.893909	General
example/1rzt:ChainE:LEU325	-74.692611	-7.753893	General
example/1rzt:ChainE:ASP326	-85.681183	-16.236082	General
example/1rzt:ChainE:HIS327	-116.516482	31.349404	General
example/1rzt:ChainE:ILE328	-81.136275	131.002613	General
example/1rzt:ChainE:SER329	-41.707045	137.244802	General
example/1rzt:ChainE:GLU330	-71.243636	-13.863189	General
example/1rzt:ChainE:SER331	-78.516855	-19.847948	General
example/1rzt:ChainE:VAL332	-45.418722	-57.340279	Pre-Pro
example/1rzt:ChainE:PRO333	-51.468175	-37.691414	Proline
example/1rzt:ChainE:VAL334	-78.541784	-34.557548	General
example/1rzt:ChainE:LEU335	-64.219792	-37.276920	General
example/1rzt:ChainE:GLU336	-67.630135	-43.851072	General
example/1rzt:ChainE:LEU337	-54.151593	-55.195214	General
example/1rzt:ChainE:PHE338	-61.438528	-35.615516	General
example/1rzt:ChainE:SER339	-79.782373	-13.755440	General
example/1rzt:ChainE:ASN340	-76.783269	-3.302435	General
example/1rzt:ChainE:ILE341	-84.141547	111.946790	General
example/1rzt:ChainE:TRP342	-53.015186	114.069569	General
example/1rzt:ChainE:GLY343	116.217482	-9.507164	Glycine
example/1rzt:ChainE:ALA344	-115.869352	122.975320	General
example/1rzt:ChainE:GLY345	-102.986836	-161.509659	Glycine
example/1rzt:ChainE:THR346	-62.749569	-37.464610	General
example/1rzt:ChainE:LYS347	-66.058589	-37.285843	General
example/1rzt:ChainE:THR348	-76.877011	-37.148890	General
example/1rzt:ChainE:ALA349	-64.331540	-42.135356	General
example/1rzt:ChainE:GLN350	-65.058268	-56.436477	General
example/1rzt:ChainE:MET351	-45.804019	-46.592159	General
example/1rzt:ChainE:TRP352	-66.526545	-48.241831	General
example/1rzt:ChainE:TYR353	-55.590743	-41.791747	General
example/1rzt:ChainE:GLN354	-61.832046	-44.570687	General
example/1rzt:ChainE:GLN355	-60.105236	-13.105852	General
example/1rzt:ChainE:GLY356	102.770644	8.535196	Glycine
example/1rzt:ChainE:PHE357	-76.795172	134.033187	General
example/1rzt:ChainE:ARG358	-129.681851	-13.871186	General
example/1rzt:ChainE:SER359	-130.524990	162.422242	General
example/1rzt:ChainE:LEU360	-59.028111	-32.480741	General
example/1rzt:ChainE:GLU361	-65.352635	-47.610519	General
example/1rzt:ChainE:ASP362	-54.068088	-44.739256	General
example/1rzt:ChainE:ILE363	-69.103717	-54.499096	General
example/1rzt:ChainE:ARG364	-65.215975	7.313060	General
example/1rzt:ChainE:SER365	-143.035981	-23.019009	General
example/1rzt:ChainE:GLN366	-129.446406	-21.501724	General
example/1rzt:ChainE:ALA367	-86.543534	135.505956	General
example/1rzt:ChainE:SER368	-70.147652	138.100068	General
example/1rzt:ChainE:LEU369	-127.146137	142.012195	General
example/1rzt:ChainE:THR370	-77.975884	163.085689	General
example/1rzt:ChainE:THR371	-52.507035	-49.737187	General
example/1rzt:ChainE:GLN372	-59.304332	-48.900032	General
example/1rzt:ChainE:GLN373	-57.797879	-35.252846	General
example/1rzt:ChainE:ALA374	-67.010632	-41.031558	General
example/1rzt:ChainE:ILE375	-66.841401	-28.172298	General
example/1rzt:ChainE:GLY376	-79.446456	-39.663962	Glycine
example/1rzt:ChainE:LEU377	-61.697776	-55.435683	General
example/1rzt:ChainE:LYS378	-60.626836	-24.938475	General
example/1rzt:ChainE:HIS379	-106.572390	17.738542	General
example/1rzt:ChainE:TYR380	-46.838828	-52.611386	General
example/1rzt:ChainE:SER381	-67.228072	-46.464962	General
example/1rzt:ChainE:ASP382	-56.003014	-51.835657	General
example/1rzt:ChainE:PHE383	-61.115651	-33.645553	General
example/1rzt:ChainE:LEU384	-62.868605	-19.160111	General
example/1rzt:ChainE:GLU385	-100.307844	137.566441	General
example/1rzt:ChainE:ARG386	-71.125196	-173.756458	General
example/1rzt:ChainE:MET387	-140.827314	147.383576	Pre-Pro
example/1rzt:ChainE:PRO388	-53.013518	135.447068	Proline
example/1rzt:ChainE:ARG389	-52.412571	-22.437477	General
example/1rzt:ChainE:GLU390	-77.831683	-41.681945	General
example/1rzt:ChainE:GLU391	-65.028490	-34.546175	General
example/1rzt:ChainE:ALA392	-58.820471	-50.291075	General
example/1rzt:ChainE:THR393	-54.729067	-46.318014	General
example/1rzt:ChainE:GLU394	-58.468094	-36.044271	General
example/1rzt:ChainE:ILE395	-69.641361	-46.499543	General
example/1rzt:ChainE:GLU396	-59.734007	-44.629163	General
example/1rzt:ChainE:GLN397	-64.224632	-39.669144	General
example/1rzt:ChainE:THR398	-60.473272	-40.968526	General
example/1rzt:ChainE:VAL399	-73.055812	-40.567539	General
example/1rzt:ChainE:GLN400	-64.147935	-43.156050	General
example/1rzt:ChainE:LYS401	-64.077362	-47.523313	General
example/1rzt:ChainE:ALA402	-63.335484	-26.873100	General
example/1rzt:ChainE:ALA403	-83.399806	-44.165563	General
example/1rzt:ChainE:GLN404	-64.340294	-22.954189	General
example/1rzt:ChainE:ALA405	-63.347710	-22.058906	General
example/1rzt:ChainE:PHE406	-91.377340	-34.925235	General
example/1rzt:ChainE:ASN407	-159.854120	106.047490	General
example/1rzt:ChainE:SER408	-60.524914	-11.308700	General
example/1rzt:ChainE:GLY409	-78.813221	-24.099955	Glycine
example/1rzt:ChainE:LEU410	-52.981915	133.904794	General
example/1rzt:ChainE:LEU411	-99.881502	126.212250	General
example/1rzt:ChainE:CYS412	-121.133049	131.892794	General
example/1rzt:ChainE:VAL413	-140.374163	132.796876	General
example/1rzt:ChainE:ALA414	-88.012384	129.871241	General
example/1rzt:ChainE:CYS415	-110.203860	-136.439434	General
example/1rzt:ChainE:GLY416	54.420597	-157.339876	Glycine
example/1rzt:ChainE:SER417	-54.463825	-34.903677	General
example/1rzt:ChainE:TYR418	-54.300424	-47.013628	General
example/1rzt:ChainE:ARG419	-68.385287	-28.925708	General
example/1rzt:ChainE:ARG420	-78.149839	5.068749	General
example/1rzt:ChainE:GLY421	84.291791	-0.634563	Glycine
example/1rzt:ChainE:LYS422	-49.785476	151.329349	General
example/1rzt:ChainE:ALA423	-75.455245	-30.195078	General
example/1rzt:ChainE:THR424	-130.816656	158.409355	General
example/1rzt:ChainE:CYS425	-134.838561	142.128891	General
example/1rzt:ChainE:GLY426	-83.309512	-12.389457	Glycine
example/1rzt:ChainE:ASP427	-172.059343	178.373409	General
example/1rzt:ChainE:VAL428	-133.735342	126.053471	General
example/1rzt:ChainE:ASP429	-116.279123	112.024509	General
example/1rzt:ChainE:VAL430	-98.503839	115.731213	General
example/1rzt:ChainE:LEU431	-93.809776	129.398736	General
example/1rzt:ChainE:ILE432	-125.571216	137.379454	General
example/1rzt:ChainE:THR433	-156.667286	178.507757	General
example/1rzt:ChainE:HIS434	-140.252682	126.004679	Pre-Pro
example/1rzt:ChainE:PRO435	-40.096679	-36.686459	Proline
example/1rzt:ChainE:ASP436	-80.872112	-9.329918	General
example/1rzt:ChainE:GLY437	90.949473	1.337579	Glycine
example/1rzt:ChainE:ARG438	-138.078939	-36.975690	General
example/1rzt:ChainE:SER439	-59.011940	-4.213556	General
example/1rzt:ChainE:HIS440	-76.762249	-21.916710	General
example/1rzt:ChainE:ARG441	-65.543751	140.057195	General
example/1rzt:ChainE:GLY442	68.173558	48.346039	Glycine
example/1rzt:ChainE:ILE443	-135.015879	-43.698400	General
example/1rzt:ChainE:PHE444	-45.798903	-61.433630	General
example/1rzt:ChainE:SER445	-55.627291	-50.262273	General
example/1rzt:ChainE:ARG446	-74.972942	-22.147227	General
example/1rzt:ChainE:LEU447	-66.894438	-50.802176	General
example/1rzt:ChainE:LEU448	-55.312662	-39.450869	General
example/1rzt:ChainE:ASP449	-67.153405	-42.315945	General
example/1rzt:ChainE:SER450	-67.039519	-2.374770	General
example/1rzt:ChainE:LEU451	-110.918182	-21.808938	General
example/1rzt:ChainE:ARG452	-80.271279	-52.959980	General
example/1rzt:ChainE:GLN453	-59.877863	-15.104099	General
example/1rzt:ChainE:GLU454	-88.961796	-7.487598	General
example/1rzt:ChainE:GLY455	76.725919	6.760313	Glycine
example/1rzt:ChainE:PHE456	-70.889760	-54.513512	General
example/1rzt:ChainE:LEU457	-81.484566	119.816620	General
example/1rzt:ChainE:THR458	-92.513110	-38.976110	General
example/1rzt:ChainE:ASP459	-141.857813	152.772794	General
example/1rzt:ChainE:ASP460	-112.243491	127.855504	General
example/1rzt:ChainE:LEU461	-95.033245	-43.940657	General
example/1rzt:ChainE:VAL462	-142.482005	100.092523	General
example/1rzt:ChainE:SER463	-56.600033	-35.419080	General
example/1rzt:ChainE:GLN464	-164.459725	133.312204	General
example/1rzt:ChainE:GLU465	-128.119993	120.716311	General
example/1rzt:ChainE:GLU466	-102.774435	104.484583	General
example/1rzt:ChainE:ASN467	-109.359336	92.442060	General
example/1rzt:ChainE:GLY468	65.317262	-129.769900	Glycine
example/1rzt:ChainE:GLN469	-89.977241	9.014024	General
example/1rzt:ChainE:GLN470	-101.086316	135.304810	General
example/1rzt:ChainE:GLN471	-110.628160	121.465176	General
example/1rzt:ChainE:LYS472	-118.919217	137.730164	General
example/1rzt:ChainE:TYR473	-115.061759	133.141424	General
example/1rzt:ChainE:LEU474	-126.767433	120.270326	General
example/1rzt:ChainE:GLY475	-164.795068	-158.685459	Glycine
example/1rzt:ChainE:VAL476	-126.794604	142.124721	General
example/1rzt:ChainE:CYS477	-136.141248	171.154913	General
example/1rzt:ChainE:ARG478	-160.023543	124.953818	General
example/1rzt:ChainE:LEU479	-64.793949	151.525141	Pre-Pro
example/1rzt:ChainE:PRO480	-66.583461	136.852160	Proline
example/1rzt:ChainE:GLY481	126.806600	-176.968142	Glycine
example/1rzt:ChainE:PRO482	-98.028501	148.501749	Proline
example/1rzt:ChainE:GLY483	81.614557	2.072874	Glycine
example/1rzt:ChainE:ARG484	-80.460258	140.498007	General
example/1rzt:ChainE:ARG485	-101.524420	156.091550	General
example/1rzt:ChainE:HIS486	-75.215425	139.317999	General
example/1rzt:ChainE:ARG487	-127.914739	150.392009	General
example/1rzt:ChainE:ARG488	-79.605249	117.410263	General
example/1rzt:ChainE:LEU489	-119.791928	134.229408	General
example/1rzt:ChainE:ASP490	-122.025034	131.587107	General
example/1rzt:ChainE:ILE491	-120.030256	128.234596	General
example/1rzt:ChainE:ILE492	-127.136943	121.806346	General
example/1rzt:ChainE:VAL493	-109.302599	124.280815	General
example/1rzt:ChainE:VAL494	-132.931148	159.417914	Pre-Pro
example/1rzt:ChainE:PRO495	-75.609552	151.920337	Proline
example/1rzt:ChainE:TYR496	-52.510248	-41.180370	General
example/1rzt:ChainE:SER497	-60.383134	-15.093348	General
example/1rzt:ChainE:GLU498	-110.782361	-0.605418	General
example/1rzt:ChainE:PHE499	-53.941207	-51.659739	General
example/1rzt:ChainE:ALA500	-54.162992	-54.273372	General
example/1rzt:ChainE:CYS501	-67.569628	-30.121929	General
example/1rzt:ChainE:ALA502	-66.212908	-51.436429	General
example/1rzt:ChainE:LEU503	-57.706417	-42.310285	General
example/1rzt:ChainE:LEU504	-64.622650	-44.227204	General
example/1rzt:ChainE:TYR505	-67.264473	-52.275658	General
example/1rzt:ChainE:PHE506	-75.818134	-3.232074	General
example/1rzt:ChainE:THR507	-92.501183	-31.976112	General
example/1rzt:ChainE:GLY508	68.309573	-153.023946	Glycine
example/1rzt:ChainE:SER509	-75.461256	-179.256894	General
example/1rzt:ChainE:ALA510	-57.173702	-38.220479	General
example/1rzt:ChainE:HIS511	-68.378182	-44.177457	General
example/1rzt:ChainE:PHE512	-60.069322	-47.954324	General
example/1rzt:ChainE:ASN513	-56.359656	-36.532659	General
example/1rzt:ChainE:ARG514	-66.125419	-46.283432	General
example/1rzt:ChainE:SER515	-66.552054	-31.808627	General
example/1rzt:ChainE:MET516	-70.320159	-44.215029	General
example/1rzt:ChainE:ARG517	-62.167335	-41.351335	General
example/1rzt:ChainE:ALA518	-62.348690	-44.439485	General
example/1rzt:ChainE:LEU519	-66.225229	-33.409338	General
example/1rzt:ChainE:ALA520	-66.172441	-44.469021	General
example/1rzt:ChainE:LYS521	-56.623658	-37.317964	General
example/1rzt:ChainE:THR522	-64.605456	-25.685383	General
example/1rzt:ChainE:LYS523	-107.953477	30.759618	General
example/1rzt:ChainE:GLY524	57.483190	44.536940	Glycine
example/1rzt:ChainE:MET525	-142.954007	170.221918	General
example/1rzt:ChainE:SER526	-139.421603	140.484905	General
example/1rzt:ChainE:LEU527	-120.602450	126.624903	General
example/1rzt:ChainE:SER528	-132.314735	-176.327939	General
example/1rzt:ChainE:GLU529	-73.257628	-13.757307	General
example/1rzt:ChainE:HIS530	-88.795887	-45.456762	General
example/1rzt:ChainE:ALA531	-174.813401	179.262829	General
example/1rzt:ChainE:LEU532	-108.065842	124.134589	General
example/1rzt:ChainE:SER533	-132.331104	163.522856	General
example/1rzt:ChainE:THR534	-74.993198	153.130775	General
example/1rzt:ChainE:ALA535	-47.892756	152.872230	General
example/1rzt:ChainE:VAL536	-66.855763	161.447383	General
example/1rzt:ChainE:VAL537	-93.784705	107.006712	General
example/1rzt:ChainE:ARG538	-106.373557	145.444085	General
example/1rzt:ChainE:ASN539	-94.147467	-170.465647	General
example/1rzt:ChainE:THR540	-48.280650	-44.794000	General
example/1rzt:ChainE:HIS541	-81.019997	-11.583788	General
example/1rzt:ChainE:GLY542	96.417127	19.516220	Glycine
example/1rzt:ChainE:CYS543	-75.519040	-176.708373	General
example/1rzt:ChainE:LYS544	-121.530988	96.267561	General
example/1rzt:ChainE:VAL545	-83.963588	-18.876316	General
example/1rzt:ChainE:GLY546	-166.296776	148.996659	Glycine
example/1rzt:ChainE:PRO547	-72.533379	161.021759	Proline
example/1rzt:ChainE:GLY548	-84.772483	163.661663	Glycine
example/1rzt:ChainE:ARG549	-79.983674	133.283829	General
example/1rzt:ChainE:VAL550	-65.117290	143.139606	General
example/1rzt:ChainE:LEU551	-109.756196	98.189838	Pre-Pro
example/1rzt:ChainE:PRO552	-43.411211	127.153983	Proline
example/1rzt:ChainE:THR553	-136.901141	91.641009	Pre-Pro
example/1rzt:ChainE:PRO554	-55.785139	-40.855695	Proline
example/1rzt:ChainE:THR555	-130.628710	166.098526	General
example/1rzt:ChainE:GLU556	-58.360715	-34.280468	General
example/1rzt:ChainE:LYS557	-62.225467	-27.514852	General
example/1rzt:ChainE:ASP558	-71.404336	-34.277360	General
example/1rzt:ChainE:VAL559	-65.674265	-50.607227	General
example/1rzt:ChainE:PHE560	-58.308383	-42.450025	General
example/1rzt:ChainE:ARG561	-57.490980	-49.294024	General
example/1rzt:ChainE:LEU562	-69.017981	-25.239924	General
example/1rzt:ChainE:LEU563	-85.526692	-3.890498	General
example/1rzt:ChainE:GLY564	74.359707	31.369832	Glycine
example/1rzt:ChainE:LEU565	-117.361537	152.789519	Pre-Pro
example/1rzt:ChainE:PRO566	-74.923146	143.446865	Proline
example/1rzt:ChainE:TYR567	-60.851688	149.876174	General
example/1rzt:ChainE:ARG568	-134.110735	118.032179	General
example/1rzt:ChainE:GLU569	-53.620252	154.653106	Pre-Pro
example/1rzt:ChainE:PRO570	-55.256289	-41.088917	Proline
example/1rzt:ChainE:ALA571	-66.053554	-7.380007	General
example/1rzt:ChainE:GLU572	-107.421801	9.230275	General
example/1rzt:ChainE:ARG573	-102.204983	31.832036	General
example/1rzt:ChainE:ASP574	-66.915224	-30.205895	General
example/1rzt:ChainI:ASN251	-148.107732	105.493712	General
example/1rzt:ChainI:HIS252	-89.714145	21.881244	General
example/1rzt:ChainI:ASN253	-133.330125	45.489345	General
example/1rzt:ChainI:LEU254	-80.253832	-46.020929	General
example/1rzt:ChainI:HIS255	-60.511541	-12.169157	General
example/1rzt:ChainI:ILE256	-94.475021	-62.864811	General
example/1rzt:ChainI:THR257	-55.273599	-36.633916	General
example/1rzt:ChainI:GLU258	-56.954299	-34.660475	General
example/1rzt:ChainI:LYS259	-80.174517	-48.792163	General
example/1rzt:ChainI:LEU260	-58.404202	-39.571655	General
example/1rzt:ChainI:GLU261	-59.268176	-39.109018	General
example/1rzt:ChainI:VAL262	-60.395811	-42.069255	General
example/1rzt:ChainI:LEU263	-70.907238	-35.251988	General
example/1rzt:ChainI:ALA264	-64.524879	-43.617852	General
example/1rzt:ChainI:LYS265	-65.849077	-39.523013	General
example/1rzt:ChainI:ALA266	-57.299038	-53.108806	General
example/1rzt:ChainI:TYR267	-56.849945	-40.675182	General
example/1rzt:ChainI:SER268	-60.351222	-60.149193	General
example/1rzt:ChainI:VAL269	-59.088064	-18.461118	General
example/1rzt:ChainI:GLN270	-89.128760	0.688856	General
example/1rzt:ChainI:GLY271	92.828867	-4.643538	Glycine
example/1rzt:ChainI:ASP272	-81.311781	63.659822	General
example/1rzt:ChainI:LYS273	-51.811695	-47.582197	General
example/1rzt:ChainI:TRP274	-67.812598	-40.936894	General
example/1rzt:ChainI:ARG275	-65.173024	-41.793016	General
example/1rzt:ChainI:ALA276	-59.476445	-38.789340	General
example/1rzt:ChainI:LEU277	-63.577003	-44.831496	General
example/1rzt:ChainI:GLY278	-53.554676	-42.662127	Glycine
example/1rzt:ChainI:TYR279	-69.130750	-46.778743	General
example/1rzt:ChainI:ALA280	-55.180549	-44.057130	General
example/1rzt:ChainI:LYS281	-67.741850	-36.170335	General
example/1rzt:ChainI:ALA282	-70.880864	-44.535564	General
example/1rzt:ChainI:ILE283	-55.772357	-35.202761	General
example/1rzt:ChainI:ASN284	-71.251979	-37.226435	General
example/1rzt:ChainI:ALA285	-61.268301	-40.101676	General
example/1rzt:ChainI:LEU286	-72.514351	-53.676166	General
example/1rzt:ChainI:LYS287	-47.907331	-36.659945	General
example/1rzt:ChainI:SER288	-103.841360	28.081754	General
example/1rzt:ChainI:PHE289	-88.360568	136.024107	General
example/1rzt:ChainI:HIS290	-61.936425	6.631316	General
example/1rzt:ChainI:LYS291	-179.818441	162.673865	Pre-Pro
example/1rzt:ChainI:PRO292	-59.428116	139.904495	Proline
example/1rzt:ChainI:VAL293	-82.597938	121.822998	General
example/1rzt:ChainI:THR294	-95.800584	-50.980615	General
example/1rzt:ChainI:SER295	-113.387829	163.393373	General
example/1rzt:ChainI:TYR296	-55.851019	-44.519977	General
example/1rzt:ChainI:GLN297	-58.927816	-49.617407	General
example/1rzt:ChainI:GLU298	-59.115344	-39.688779	General
example/1rzt:ChainI:ALA299	-55.897686	-44.936626	General
example/1rzt:ChainI:CYS300	-68.985687	-18.167125	General
example/1rzt:ChainI:SER301	-78.747867	-16.420892	General
example/1rzt:ChainI:ILE302	-81.550228	120.699756	Pre-Pro
example/1rzt:ChainI:PRO303	-58.600496	131.347343	Proline
example/1rzt:ChainI:GLY304	104.920964	-12.813615	Glycine
example/1rzt:ChainI:ILE305	-115.927763	112.134037	General
example/1rzt:ChainI:GLY306	-101.987503	-177.338404	Glycine
example/1rzt:ChainI:LYS307	-48.062505	-48.197704	General
example/1rzt:ChainI:ARG308	-57.929543	-45.841722	General
example/1rzt:ChainI:MET309	-74.821812	-32.925525	General
example/1rzt:ChainI:ALA310	-66.075534	-33.044805	General
example/1rzt:ChainI:GLU311	-65.213856	-39.938655	General
example/1rzt:ChainI:LYS312	-76.282978	-23.085367	General
example/1rzt:ChainI:ILE313	-74.511190	-41.632080	General
example/1rzt:ChainI:ILE314	-68.236036	-28.655293	General
example/1rzt:ChainI:GLU315	-72.977624	-42.847289	General
example/1rzt:ChainI:ILE316	-65.687328	-35.518452	General
example/1rzt:ChainI:LEU317	-78.360666	-32.859527	General
example/1rzt:ChainI:GLU318	-97.624735	12.242729	General
example/1rzt:ChainI:SER319	-161.019206	-4.226007	General
example/1rzt:ChainI:GLY320	59.075297	12.229069	Glycine
example/1rzt:ChainI:HIS321	-129.925445	168.981646	General
example/1rzt:ChainI:LEU322	-145.058161	71.913047	General
example/1rzt:ChainI:ARG323	-25.351252	-42.889462	General
example/1rzt:ChainI:LYS324	-62.481974	-1.875786	General
example/1rzt:ChainI:LEU325	-89.031991	-20.818002	General
example/1rzt:ChainI:ASP326	-88.417838	7.465624	General
example/1rzt:ChainI:HIS327	-124.770219	4.919102	General
example/1rzt:ChainI:ILE328	-64.096048	133.713038	General
example/1rzt:ChainI:SER329	-51.865995	137.029944	General
example/1rzt:ChainI:GLU330	-66.927335	-11.911605	General
example/1rzt:ChainI:SER331	-82.903832	-20.031673	General
example/1rzt:ChainI:VAL332	-47.880671	-45.931669	Pre-Pro
example/1rzt:ChainI:PRO333	-57.974057	-45.939021	Proline
example/1rzt:ChainI:VAL334	-70.644663	-35.066690	General
example/1rzt:ChainI:LEU335	-64.354771	-40.402544	General
example/1rzt:ChainI:GLU336	-66.425366	-46.950237	General
example/1rzt:ChainI:LEU337	-53.386797	-47.422137	General
example/1rzt:ChainI:PHE338	-66.473348	-46.556130	General
example/1rzt:ChainI:SER339	-69.471845	-6.825227	General
example/1rzt:ChainI:ASN340	-78.356194	-7.067008	General
example/1rzt:ChainI:ILE341	-82.969969	122.523796	General
example/1rzt:ChainI:TRP342	-61.616806	122.856649	General
example/1rzt:ChainI:GLY343	106.777188	-11.230582	Glycine
example/1rzt:ChainI:ALA344	-111.304730	117.734356	General
example/1rzt:ChainI:GLY345	-99.230659	-162.363425	Glycine
example/1rzt:ChainI:THR346	-66.635104	-34.997248	General
example/1rzt:ChainI:LYS347	-65.341383	-37.807736	General
example/1rzt:ChainI:THR348	-74.662592	-46.823311	General
example/1rzt:ChainI:ALA349	-59.185189	-38.751735	General
example/1rzt:ChainI:GLN350	-62.876188	-45.518198	General
example/1rzt:ChainI:MET351	-64.479582	-42.468622	General
example/1rzt:ChainI:TRP352	-66.457299	-35.450205	General
example/1rzt:ChainI:TYR353	-65.740260	-44.094951	General
example/1rzt:ChainI:GLN354	-60.500424	-26.619470	General
example/1rzt:ChainI:GLN355	-81.235856	0.548064	General
example/1rzt:ChainI:GLY356	89.102189	2.864695	Glycine
example/1rzt:ChainI:PHE357	-77.974214	137.995246	General
example/1rzt:ChainI:ARG358	-135.199350	-15.025982	General
example/1rzt:ChainI:SER359	-126.690061	163.844613	General
example/1rzt:ChainI:LEU360	-63.293164	-36.055429	General
example/1rzt:ChainI:GLU361	-62.118435	-39.470115	General
example/1rzt:ChainI:ASP362	-59.616419	-35.096849	General
example/1rzt:ChainI:ILE363	-72.175187	-52.471765	General
example/1rzt:ChainI:ARG364	-56.868799	-35.108607	General
example/1rzt:ChainI:SER365	-92.235067	-25.517577	General
example/1rzt:ChainI:GLN366	-125.665950	-38.320493	General
example/1rzt:ChainI:ALA367	-60.368722	147.935135	General
example/1rzt:ChainI:SER368	-81.741395	125.642383	General
example/1rzt:ChainI:LEU369	-121.045605	137.444679	General
example/1rzt:ChainI:THR370	-75.681752	167.486351	General
example/1rzt:ChainI:THR371	-57.784400	-43.972088	General
example/1rzt:ChainI:GLN372	-65.556131	-45.470706	General
example/1rzt:ChainI:GLN373	-58.970919	-38.750567	General
example/1rzt:ChainI:ALA374	-60.223475	-44.344315	General
example/1rzt:ChainI:ILE375	-62.760335	-46.888467	General
example/1rzt:ChainI:GLY376	-64.362119	-30.405193	Glycine
example/1rzt:ChainI:LEU377	-71.901706	-44.992019	General
example/1rzt:ChainI:LYS378	-70.124542	-17.573185	General
example/1rzt:ChainI:HIS379	-118.007438	22.407408	General
example/1rzt:ChainI:TYR380	-43.859884	-61.752172	General
example/1rzt:ChainI:SER381	-58.796055	-55.112061	General
example/1rzt:ChainI:ASP382	-54.014054	-37.591518	General
example/1rzt:ChainI:PHE383	-75.976766	-19.304897	General
example/1rzt:ChainI:LEU384	-82.655369	-20.381566	General
example/1rzt:ChainI:GLU385	-80.877665	146.678884	General
example/1rzt:ChainI:ARG386	-95.520649	106.530181	General
example/1rzt:ChainI:MET387	-64.645819	149.842558	Pre-Pro
example/1rzt:ChainI:PRO388	-63.725333	152.659820	Proline
example/1rzt:ChainI:ARG389	-57.189979	-43.241350	General
example/1rzt:ChainI:GLU390	-52.708350	-41.602434	General
example/1rzt:ChainI:GLU391	-67.165876	-36.719517	General
example/1rzt:ChainI:ALA392	-60.271994	-44.185056	General
example/1rzt:ChainI:THR393	-60.790852	-40.366980	General
example/1rzt:ChainI:GLU394	-63.509075	-42.366439	General
example/1rzt:ChainI:ILE395	-64.930369	-41.498845	General
example/1rzt:ChainI:GLU396	-60.947283	-50.140765	General
example/1rzt:ChainI:GLN397	-57.445923	-35.841094	General
example/1rzt:ChainI:THR398	-62.565308	-46.942811	General
example/1rzt:ChainI:VAL399	-68.651569	-47.028778	General
example/1rzt:ChainI:GLN400	-56.091030	-63.426092	General
example/1rzt:ChainI:LYS401	-43.371058	-53.577678	General
example/1rzt:ChainI:ALA402	-57.713833	-38.118289	General
example/1rzt:ChainI:ALA403	-74.864272	-46.143462	General
example/1rzt:ChainI:GLN404	-65.967588	-10.192145	General
example/1rzt:ChainI:ALA405	-72.285031	-20.449224	General
example/1rzt:ChainI:PHE406	-98.035267	-29.531865	General
example/1rzt:ChainI:ASN407	-158.836326	117.997876	General
example/1rzt:ChainI:SER408	-70.239791	-13.179568	General
example/1rzt:ChainI:GLY409	-87.658595	-7.399908	Glycine
example/1rzt:ChainI:LEU410	-67.400110	137.327046	General
example/1rzt:ChainI:LEU411	-99.772659	129.190108	General
example/1rzt:ChainI:CYS412	-122.950229	122.396354	General
example/1rzt:ChainI:VAL413	-132.331062	123.181909	General
example/1rzt:ChainI:ALA414	-79.774452	124.577694	General
example/1rzt:ChainI:CYS415	-106.055094	-137.410773	General
example/1rzt:ChainI:GLY416	61.686307	-150.647295	Glycine
example/1rzt:ChainI:SER417	-64.681210	-23.074276	General
example/1rzt:ChainI:TYR418	-63.914181	-49.900575	General
example/1rzt:ChainI:ARG419	-68.334446	-21.521901	General
example/1rzt:ChainI:ARG420	-83.493388	5.196545	General
example/1rzt:ChainI:GLY421	72.339636	28.615238	Glycine
example/1rzt:ChainI:LYS422	-76.484550	156.881922	General
example/1rzt:ChainI:ALA423	-77.811374	-25.419604	General
example/1rzt:ChainI:THR424	-132.602875	151.072567	General
example/1rzt:ChainI:CYS425	-130.774371	132.712165	General
example/1rzt:ChainI:GLY426	-77.534848	-10.000693	Glycine
example/1rzt:ChainI:ASP427	-173.510735	-174.442916	General
example/1rzt:ChainI:VAL428	-137.814697	131.414912	General
example/1rzt:ChainI:ASP429	-122.851652	101.420627	General
example/1rzt:ChainI:VAL430	-88.434471	120.362764	General
example/1rzt:ChainI:LEU431	-103.165128	134.010183	General
example/1rzt:ChainI:ILE432	-130.576597	141.007870	General
example/1rzt:ChainI:THR433	-159.891189	-176.772522	General
example/1rzt:ChainI:HIS434	-142.312631	135.201941	Pre-Pro
example/1rzt:ChainI:PRO435	-57.969572	-29.982026	Proline
example/1rzt:ChainI:ASP436	-74.261626	2.193409	General
example/1rzt:ChainI:GLY437	60.529669	11.556662	Glycine
example/1rzt:ChainI:ARG438	-140.692726	-29.591572	General
example/1rzt:ChainI:SER439	-74.819765	1.408382	General
example/1rzt:ChainI:HIS440	-79.412649	-19.069159	General
example/1rzt:ChainI:ARG441	-68.968194	129.906424	General
example/1rzt:ChainI:GLY442	87.912237	-2.884138	Glycine
example/1rzt:ChainI:ILE443	-80.125264	-44.605500	General
example/1rzt:ChainI:PHE444	-42.699909	-64.735187	General
example/1rzt:ChainI:SER445	-56.356371	-46.447251	General
example/1rzt:ChainI:ARG446	-80.679741	-14.875930	General
example/1rzt:ChainI:LEU447	-69.974106	-42.805195	General
example/1rzt:ChainI:LEU448	-69.912870	-36.720016	General
example/1rzt:ChainI:ASP449	-73.162369	-19.700642	General
example/1rzt:ChainI:SER450	-79.143293	-44.947125	General
example/1rzt:ChainI:LEU451	-71.600761	-30.859758	General
example/1rzt:ChainI:ARG452	-77.335294	-4.296884	General
example/1rzt:ChainI:GLN453	-108.688152	-34.570343	General
example/1rzt:ChainI:GLU454	-69.271631	0.726601	General
example/1rzt:ChainI:GLY455	72.285086	2.667696	Glycine
example/1rzt:ChainI:PHE456	-63.227390	-49.556255	General
example/1rzt:ChainI:LEU457	-86.988761	117.359224	General
example/1rzt:ChainI:THR458	-97.106275	-31.846680	General
example/1rzt:ChainI:ASP459	-144.613232	147.437318	General
example/1rzt:ChainI:ASP460	-111.838723	126.121173	General
example/1rzt:ChainI:LEU461	-93.011282	-39.696723	General
example/1rzt:ChainI:VAL462	-150.606471	101.770942	General
example/1rzt:ChainI:SER463	-64.026559	-24.728631	General
example/1rzt:ChainI:GLN464	-162.667055	122.439790	General
example/1rzt:ChainI:GLU465	-117.773724	119.661182	General
example/1rzt:ChainI:GLU466	-105.768735	103.557959	General
example/1rzt:ChainI:ASN467	-114.723837	101.937846	General
example/1rzt:ChainI:GLY468	64.383033	-121.937725	Glycine
example/1rzt:ChainI:GLN469	-102.724416	13.162440	General
example/1rzt:ChainI:GLN470	-101.942377	142.470637	General
example/1rzt:ChainI:GLN471	-119.032685	124.002827	General
example/1rzt:ChainI:LYS472	-120.660618	142.999762	General
example/1rzt:ChainI:TYR473	-122.138723	131.593236	General
example/1rzt:ChainI:LEU474	-119.614411	113.518776	General
example/1rzt:ChainI:GLY475	-152.046784	-162.762483	Glycine
example/1rzt:ChainI:VAL476	-127.288758	139.632452	General
example/1rzt:ChainI:CYS477	-138.091293	154.428385	General
example/1rzt:ChainI:ARG478	-140.410861	121.424422	General
example/1rzt:ChainI:LEU479	-61.662604	146.379845	Pre-Pro
example/1rzt:ChainI:PRO480	-66.069701	152.281104	Proline
example/1rzt:ChainI:GLY481	101.303727	166.051972	Glycine
example/1rzt:ChainI:PRO482	-71.035845	163.238279	Proline
example/1rzt:ChainI:GLY483	64.723010	32.640312	Glycine
example/1rzt:ChainI:ARG484	-116.625390	123.233040	General
example/1rzt:ChainI:ARG485	-95.033230	163.781742	General
example/1rzt:ChainI:HIS486	-80.388601	136.744813	General
example/1rzt:ChainI:ARG487	-127.165923	145.078073	General
example/1rzt:ChainI:ARG488	-69.782971	134.150600	General
example/1rzt:ChainI:LEU489	-132.391014	133.021216	General
example/1rzt:ChainI:ASP490	-120.310277	139.198645	General
example/1rzt:ChainI:ILE491	-133.593482	125.656298	General
example/1rzt:ChainI:ILE492	-126.920064	126.811022	General
example/1rzt:ChainI:VAL493	-109.067756	127.463875	General
example/1rzt:ChainI:VAL494	-134.753866	150.999115	Pre-Pro
example/1rzt:ChainI:PRO495	-67.772208	152.360856	Proline
example/1rzt:ChainI:TYR496	-55.272488	-34.400731	General
example/1rzt:ChainI:SER497	-64.983307	-20.777873	General
example/1rzt:ChainI:GLU498	-103.933822	3.046060	General
example/1rzt:ChainI:PHE499	-51.981927	-47.989095	General
example/1rzt:ChainI:ALA500	-61.294383	-43.233719	General
example/1rzt:ChainI:CYS501	-73.134565	-36.154309	General
example/1rzt:ChainI:ALA502	-62.189597	-52.623549	General
example/1rzt:ChainI:LEU503	-55.554270	-43.507834	General
example/1rzt:ChainI:LEU504	-65.938708	-45.365047	General
example/1rzt:ChainI:TYR505	-63.607247	-50.857619	General
example/1rzt:ChainI:PHE506	-75.899026	-9.771098	General
example/1rzt:ChainI:THR507	-85.535473	-25.339808	General
example/1rzt:ChainI:GLY508	59.335865	-151.477942	Glycine
example/1rzt:ChainI:SER509	-71.206989	177.881094	General
example/1rzt:ChainI:ALA510	-57.968927	-44.732620	General
example/1rzt:ChainI:HIS511	-63.763358	-41.924874	General
example/1rzt:ChainI:PHE512	-64.210573	-43.492226	General
example/1rzt:ChainI:ASN513	-58.266448	-45.066991	General
example/1rzt:ChainI:ARG514	-56.808893	-49.754307	General
example/1rzt:ChainI:SER515	-60.009634	-36.856883	General
example/1rzt:ChainI:MET516	-64.416378	-43.688353	General
example/1rzt:ChainI:ARG517	-64.735064	-38.242216	General
example/1rzt:ChainI:ALA518	-63.372362	-42.669655	General
example/1rzt:ChainI:LEU519	-65.397034	-47.814050	General
example/1rzt:ChainI:ALA520	-54.601784	-37.225023	General
example/1rzt:ChainI:LYS521	-63.284944	-46.222382	General
example/1rzt:ChainI:THR522	-60.157820	-31.480718	General
example/1rzt:ChainI:LYS523	-95.854133	26.861931	General
example/1rzt:ChainI:GLY524	60.931374	17.090226	Glycine
example/1rzt:ChainI:MET525	-116.807861	171.639049	General
example/1rzt:ChainI:SER526	-129.257046	144.851391	General
example/1rzt:ChainI:LEU527	-129.237513	128.169060	General
example/1rzt:ChainI:SER528	-140.297540	-177.127470	General
example/1rzt:ChainI:GLU529	-68.703517	-13.888467	General
example/1rzt:ChainI:HIS530	-89.957034	-46.546744	General
example/1rzt:ChainI:ALA531	-173.431248	-177.735839	General
example/1rzt:ChainI:LEU532	-111.008329	117.252780	General
example/1rzt:ChainI:SER533	-125.649356	162.527699	General
example/1rzt:ChainI:THR534	-75.936397	164.731602	General
example/1rzt:ChainI:ALA535	-51.651561	141.248159	General
example/1rzt:ChainI:VAL536	-61.111566	150.053068	General
example/1rzt:ChainI:VAL537	-84.106022	101.192578	General
example/1rzt:ChainI:ARG538	-92.114520	138.257498	General
example/1rzt:ChainI:ASN539	-74.224289	-122.009962	General
example/1rzt:ChainI:THR540	-104.307629	-19.098405	General
example/1rzt:ChainI:HIS541	-106.391015	8.948831	General
example/1rzt:ChainI:GLY542	91.264015	-22.569920	Glycine
example/1rzt:ChainI:CYS543	-50.130432	132.443943	General
example/1rzt:ChainI:LYS544	-68.109001	109.481562	General
example/1rzt:ChainI:VAL545	-89.387097	-49.154890	General
example/1rzt:ChainI:GLY546	-139.326170	156.582991	Glycine
example/1rzt:ChainI:PRO547	-72.927440	160.037759	Proline
example/1rzt:ChainI:GLY548	-85.280660	164.610502	Glycine
example/1rzt:ChainI:ARG549	-77.047466	139.183095	General
example/1rzt:ChainI:VAL550	-78.249480	130.050992	General
example/1rzt:ChainI:LEU551	-93.581326	116.819569	Pre-Pro
example/1rzt:ChainI:PRO552	-50.633345	128.312314	Proline
example/1rzt:ChainI:THR553	-139.843507	88.844476	Pre-Pro
example/1rzt:ChainI:PRO554	-61.277836	-34.766104	Proline
example/1rzt:ChainI:THR555	-134.155417	165.360214	General
example/1rzt:ChainI:GLU556	-57.609943	-43.935621	General
example/1rzt:ChainI:LYS557	-56.205210	-22.414869	General
example/1rzt:ChainI:ASP558	-76.273128	-40.500005	General
example/1rzt:ChainI:VAL559	-61.216902	-46.759279	General
example/1rzt:ChainI:PHE560	-60.418763	-44.923251	General
example/1rzt:ChainI:ARG561	-56.367486	-55.932405	General
example/1rzt:ChainI:LEU562	-58.683371	-24.401286	General
example/1rzt:ChainI:LEU563	-90.600797	3.886582	General
example/1rzt:ChainI:GLY564	65.233584	27.310509	Glycine
example/1rzt:ChainI:LEU565	-113.504889	155.723075	Pre-Pro
example/1rzt:ChainI:PRO566	-84.940915	129.433523	Proline
example/1rzt:ChainI:TYR567	-47.788659	143.505638	General
example/1rzt:ChainI:ARG568	-129.953932	126.846033	General
example/1rzt:ChainI:GLU569	-58.185866	146.455564	Pre-Pro
example/1rzt:ChainI:PRO570	-48.698258	-37.647723	Proline
example/1rzt:ChainI:ALA571	-64.643355	-18.629574	General
example/1rzt:ChainI:GLU572	-102.577550	12.574425	General
example/1rzt:ChainI:ARG573	-96.636578	21.379942	General
example/1rzt:ChainI:ASP574	-60.920568	-42.882566	General
example/1rzt:ChainM:THR250	84.387742	103.685364	General
example/1rzt:ChainM:ASN251	-88.945743	111.177934	General
example/1rzt:ChainM:HIS252	-86.536000	2.107579	General
example/1rzt:ChainM:ASN253	-127.769803	34.674422	General
example/1rzt:ChainM:LEU254	-61.722864	-36.343412	General
example/1rzt:ChainM:HIS255	-61.141911	-19.083870	General
example/1rzt:ChainM:ILE256	-97.514611	-54.763812	General
example/1rzt:ChainM:THR257	-56.611295	-34.448157	General
example/1rzt:ChainM:GLU258	-53.788816	-51.908001	General
example/1rzt:ChainM:LYS259	-63.855936	-50.756679	General
example/1rzt:ChainM:LEU260	-56.869084	-34.012109	General
example/1rzt:ChainM:GLU261	-59.843356	-42.307622	General
example/1rzt:ChainM:VAL262	-59.351167	-45.192070	General
example/1rzt:ChainM:LEU263	-64.696250	-47.390141	General
example/1rzt:ChainM:ALA264	-54.086679	-46.948977	General
example/1rzt:ChainM:LYS265	-64.609944	-37.237127	General
example/1rzt:ChainM:ALA266	-61.082706	-50.152415	General
example/1rzt:ChainM:TYR267	-65.271839	-33.309734	General
example/1rzt:ChainM:SER268	-63.761169	-52.010662	General
example/1rzt:ChainM:VAL269	-71.615145	-20.932896	General
example/1rzt:ChainM:GLN270	-85.265754	-7.096250	General
example/1rzt:ChainM:GLY271	101.880312	4.144395	Glycine
example/1rzt:ChainM:ASP272	-91.358548	71.149726	General
example/1rzt:ChainM:LYS273	-58.756577	-39.522953	General
example/1rzt:ChainM:TRP274	-69.084317	-41.070404	General
example/1rzt:ChainM:ARG275	-67.577919	-35.778822	General
example/1rzt:ChainM:ALA276	-67.441438	-36.010535	General
example/1rzt:ChainM:LEU277	-64.285239	-43.326511	General
example/1rzt:ChainM:GLY278	-56.251717	-44.770642	Glycine
example/1rzt:ChainM:TYR279	-63.978719	-46.808544	General
example/1rzt:ChainM:ALA280	-57.052348	-40.623484	General
example/1rzt:ChainM:LYS281	-69.833415	-38.502727	General
example/1rzt:ChainM:ALA282	-64.149980	-47.873721	General
example/1rzt:ChainM:ILE283	-57.750985	-42.840341	General
example/1rzt:ChainM:ASN284	-63.951334	-39.373167	General
example/1rzt:ChainM:ALA285	-62.086050	-42.262847	General
example/1rzt:ChainM:LEU286	-63.768164	-46.796365	General
example/1rzt:ChainM:LYS287	-57.908598	-31.402113	General
example/1rzt:ChainM:SER288	-103.088035	-2.893687	General
example/1rzt:ChainM:PHE289	-57.287789	146.305456	General
example/1rzt:ChainM:HIS290	-71.089092	0.805096	General
example/1rzt:ChainM:LYS291	-172.473048	168.553850	Pre-Pro
example/1rzt:ChainM:PRO292	-67.269729	136.607666	Proline
example/1rzt:ChainM:VAL293	-69.955157	131.685752	General
example/1rzt:ChainM:THR294	-118.803783	-4.989041	General
example/1rzt:ChainM:SER295	-148.333178	160.676655	General
example/1rzt:ChainM:TYR296	-63.004456	-43.968238	General
example/1rzt:ChainM:GLN297	-62.615406	-43.433621	General
example/1rzt:ChainM:GLU298	-64.083569	-38.120260	General
example/1rzt:ChainM:ALA299	-58.499777	-47.840849	General
example/1rzt:ChainM:CYS300	-66.667326	-20.402249	General
example/1rzt:ChainM:SER301	-78.386695	-6.761941	General
example/1rzt:ChainM:ILE302	-91.891754	125.090474	Pre-Pro
example/1rzt:ChainM:PRO303	-60.784950	124.636578	Proline
example/1rzt:ChainM:GLY304	109.428486	-13.167278	Glycine
example/1rzt:ChainM:ILE305	-115.906424	119.360962	General
example/1rzt:ChainM:GLY306	-106.901615	-161.908935	Glycine
example/1rzt:ChainM:LYS307	-66.100131	-42.439808	General
example/1rzt:ChainM:ARG308	-61.740268	-42.796453	General
example/1rzt:ChainM:MET309	-72.153460	-46.780129	General
example/1rzt:ChainM:ALA310	-56.119084	-43.505063	General
example/1rzt:ChainM:GLU311	-56.497560	-42.690778	General
example/1rzt:ChainM:LYS312	-71.856870	-35.013644	General
example/1rzt:ChainM:ILE313	-60.182454	-48.920868	General
example/1rzt:ChainM:ILE314	-62.300159	-36.124051	General
example/1rzt:ChainM:GLU315	-61.888781	-43.199794	General
example/1rzt:ChainM:ILE316	-65.654631	-41.299145	General
example/1rzt:ChainM:LEU317	-64.866039	-44.559289	General
example/1rzt:ChainM:GLU318	-82.093392	-41.178681	General
example/1rzt:ChainM:SER319	-98.692781	-25.960415	General
example/1rzt:ChainM:GLY320	90.794014	-2.674486	Glycine
example/1rzt:ChainM:HIS321	-134.242185	177.899011	General
example/1rzt:ChainM:LEU322	-139.972513	92.674187	General
example/1rzt:ChainM:ARG323	-44.165207	-33.020676	General
example/1rzt:ChainM:LYS324	-53.532116	-33.152934	General
example/1rzt:ChainM:LEU325	-67.352911	-12.968017	General
example/1rzt:ChainM:ASP326	-96.295531	5.794518	General
example/1rzt:ChainM:HIS327	-125.713123	14.485809	General
example/1rzt:ChainM:ILE328	-70.223584	129.782824	General
example/1rzt:ChainM:SER329	-51.667781	140.676811	General
example/1rzt:ChainM:GLU330	-72.799402	-1.576585	General
example/1rzt:ChainM:SER331	-83.947449	-19.847383	General
example/1rzt:ChainM:VAL332	-47.807470	-53.512075	Pre-Pro
example/1rzt:ChainM:PRO333	-55.838332	-35.595638	Proline
example/1rzt:ChainM:VAL334	-73.930332	-41.768356	General
example/1rzt:ChainM:LEU335	-64.189778	-35.238814	General
example/1rzt:ChainM:GLU336	-69.651490	-40.259493	General
example/1rzt:ChainM:LEU337	-57.021754	-51.467880	General
example/1rzt:ChainM:PHE338	-66.667588	-40.107694	General
example/1rzt:ChainM:SER339	-76.862193	-4.206792	General
example/1rzt:ChainM:ASN340	-79.277714	-5.012743	General
example/1rzt:ChainM:ILE341	-85.322155	123.912978	General
example/1rzt:ChainM:TRP342	-61.577295	126.341878	General
example/1rzt:ChainM:GLY343	102.336551	-10.062727	Glycine
example/1rzt:ChainM:ALA344	-114.020199	111.354441	General
example/1rzt:ChainM:GLY345	-94.156207	-161.127798	Glycine
example/1rzt:ChainM:THR346	-64.073678	-35.209742	General
example/1rzt:ChainM:LYS347	-69.399408	-40.700622	General
example/1rzt:ChainM:THR348	-67.689929	-44.342938	General
example/1rzt:ChainM:ALA349	-58.310982	-47.053976	General
example/1rzt:ChainM:GLN350	-58.805909	-45.441880	General
example/1rzt:ChainM:MET351	-60.053290	-50.167467	General
example/1rzt:ChainM:TRP352	-59.446409	-41.393729	General
example/1rzt:ChainM:TYR353	-64.523910	-38.505582	General
example/1rzt:ChainM:GLN354	-67.072389	-27.992901	General
example/1rzt:ChainM:GLN355	-81.313383	5.586055	General
example/1rzt:ChainM:GLY356	86.436327	5.535108	Glycine
example/1rzt:ChainM:PHE357	-78.474691	140.552621	General
example/1rzt:ChainM:ARG358	-132.369264	-18.657459	General
example/1rzt:ChainM:SER359	-129.203320	164.846497	General
example/1rzt:ChainM:LEU360	-65.133894	-24.517926	General
example/1rzt:ChainM:GLU361	-69.191765	-40.076828	General
example/1rzt:ChainM:ASP362	-59.078631	-46.781401	General
example/1rzt:ChainM:ILE363	-57.230377	-56.779895	General
example/1rzt:ChainM:ARG364	-53.010795	-48.241774	General
example/1rzt:ChainM:SER365	-72.186122	-37.481436	General
example/1rzt:ChainM:GLN366	-129.466190	-12.599881	General
example/1rzt:ChainM:ALA367	-80.230785	155.781405	General
example/1rzt:ChainM:SER368	-84.957016	127.667744	General
example/1rzt:ChainM:LEU369	-124.962660	136.516907	General
example/1rzt:ChainM:THR370	-75.450137	171.281680	General
example/1rzt:ChainM:THR371	-60.012797	-45.830754	General
example/1rzt:ChainM:GLN372	-62.326792	-47.605027	General
example/1rzt:ChainM:GLN373	-57.828849	-39.252972	General
example/1rzt:ChainM:ALA374	-63.070116	-32.797456	General
example/1rzt:ChainM:ILE375	-73.720294	-42.551876	General
example/1rzt:ChainM:GLY376	-62.142513	-36.749158	Glycine
example/1rzt:ChainM:LEU377	-67.230614	-49.252338	General
example/1rzt:ChainM:LYS378	-67.001440	-15.872495	General
example/1rzt:ChainM:HIS379	-114.631450	19.360308	General
example/1rzt:ChainM:TYR380	-44.346274	-60.871487	General
example/1rzt:ChainM:SER381	-59.836505	-46.763054	General
example/1rzt:ChainM:ASP382	-58.117968	-47.338990	General
example/1rzt:ChainM:PHE383	-66.877242	-22.672962	General
example/1rzt:ChainM:LEU384	-83.577686	-17.781913	General
example/1rzt:ChainM:GLU385	-81.118994	151.898861	General
example/1rzt:ChainM:ARG386	-101.490315	140.002918	General
example/1rzt:ChainM:MET387	-95.071697	154.204405	Pre-Pro
example/1rzt:ChainM:PRO388	-63.783789	142.240613	Proline
example/1rzt:ChainM:ARG389	-57.602817	-25.117258	General
example/1rzt:ChainM:GLU390	-60.066312	-36.666142	General
example/1rzt:ChainM:GLU391	-72.569258	-34.701498	General
example/1rzt:ChainM:ALA392	-63.168200	-37.757999	General
example/1rzt:ChainM:THR393	-60.370787	-46.476863	General
example/1rzt:ChainM:GLU394	-59.188456	-41.829207	General
example/1rzt:ChainM:ILE395	-60.941084	-49.679878	General
example/1rzt:ChainM:GLU396	-57.551041	-44.608867	General
example/1rzt:ChainM:GLN397	-64.445309	-37.000944	General
example/1rzt:ChainM:THR398	-64.774465	-44.454146	General
example/1rzt:ChainM:VAL399	-68.924639	-43.494100	General
example/1rzt:ChainM:GLN400	-59.799879	-42.771630	General
example/1rzt:ChainM:LYS401	-64.235827	-47.020361	General
example/1rzt:ChainM:ALA402	-60.412858	-35.059093	General
example/1rzt:ChainM:ALA403	-74.113303	-45.646177	General
example/1rzt:ChainM:GLN404	-68.827155	-10.950076	General
example/1rzt:ChainM:ALA405	-71.263983	-29.076098	General
example/1rzt:ChainM:PHE406	-82.368816	-40.952720	General
example/1rzt:ChainM:ASN407	-152.700583	111.378663	General
example/1rzt:ChainM:SER408	-62.273614	-16.218269	General
example/1rzt:ChainM:GLY409	-80.926357	-12.324020	Glycine
example/1rzt:ChainM:LEU410	-56.625678	135.862851	General
example/1rzt:ChainM:LEU411	-101.479939	128.751241	General
example/1rzt:ChainM:CYS412	-124.456853	129.576712	General
example/1rzt:ChainM:VAL413	-140.084926	127.116215	General
example/1rzt:ChainM:ALA414	-79.569244	131.677864	General
example/1rzt:ChainM:CYS415	-107.179353	-135.783005	General
example/1rzt:ChainM:GLY416	51.156375	-154.986050	Glycine
example/1rzt:ChainM:SER417	-60.234574	-29.938809	General
example/1rzt:ChainM:TYR418	-57.578095	-47.949660	General
example/1rzt:ChainM:ARG419	-69.717472	-25.057739	General
example/1rzt:ChainM:ARG420	-82.391219	10.256346	General
example/1rzt:ChainM:GLY421	75.809998	14.758289	Glycine
example/1rzt:ChainM:LYS422	-67.743278	145.828121	General
example/1rzt:ChainM:ALA423	-66.110482	-26.193599	General
example/1rzt:ChainM:THR424	-138.716936	153.094648	General
example/1rzt:ChainM:CYS425	-131.374136	141.847606	General
example/1rzt:ChainM:GLY426	-77.453504	-23.437738	Glycine
example/1rzt:ChainM:ASP427	-162.077921	179.425661	General
example/1rzt:ChainM:VAL428	-130.888301	131.493803	General
example/1rzt:ChainM:ASP429	-123.136543	111.824798	General
example/1rzt:ChainM:VAL430	-98.979982	121.551779	General
example/1rzt:ChainM:LEU431	-98.723036	133.163678	General
example/1rzt:ChainM:ILE432	-128.624822	141.914735	General
example/1rzt:ChainM:THR433	-159.542321	-178.890166	General
example/1rzt:ChainM:HIS434	-140.033637	138.359597	Pre-Pro
example/1rzt:ChainM:PRO435	-59.684028	-28.966270	Proline
example/1rzt:ChainM:ASP436	-80.419944	2.593249	General
example/1rzt:ChainM:GLY437	72.846534	-0.556282	Glycine
example/1rzt:ChainM:ARG438	-138.213613	-28.124314	General
example/1rzt:ChainM:SER439	-69.535879	2.295130	General
example/1rzt:ChainM:HIS440	-81.650661	-17.629210	General
example/1rzt:ChainM:ARG441	-71.031418	141.423063	General
example/1rzt:ChainM:GLY442	72.316356	24.488417	Glycine
example/1rzt:ChainM:ILE443	-110.528489	-43.217143	General
example/1rzt:ChainM:PHE444	-44.495144	-65.328307	General
example/1rzt:ChainM:SER445	-54.720305	-45.466274	General
example/1rzt:ChainM:ARG446	-75.057780	-21.969653	General
example/1rzt:ChainM:LEU447	-71.798958	-43.573423	General
example/1rzt:ChainM:LEU448	-63.452997	-39.833897	General
example/1rzt:ChainM:ASP449	-60.092458	-48.711237	General
example/1rzt:ChainM:SER450	-60.962800	-47.940758	General
example/1rzt:ChainM:LEU451	-63.683663	-28.711934	General
example/1rzt:ChainM:ARG452	-75.929211	-44.791888	General
example/1rzt:ChainM:GLN453	-66.254767	-23.431138	General
example/1rzt:ChainM:GLU454	-77.887930	-11.619134	General
example/1rzt:ChainM:GLY455	80.685999	7.556390	Glycine
example/1rzt:ChainM:PHE456	-74.825668	-41.295947	General
example/1rzt:ChainM:LEU457	-90.254138	122.849094	General
example/1rzt:ChainM:THR458	-102.690426	-22.736552	General
example/1rzt:ChainM:ASP459	-160.725873	150.525740	General
example/1rzt:ChainM:ASP460	-109.827498	136.668790	General
example/1rzt:ChainM:LEU461	-96.947964	-41.897234	General
example/1rzt:ChainM:VAL462	-145.884411	103.801518	General
example/1rzt:ChainM:SER463	-57.688617	-37.423756	General
example/1rzt:ChainM:GLN464	-160.726729	131.700467	General
example/1rzt:ChainM:GLU465	-123.991044	123.971305	General
example/1rzt:ChainM:GLU466	-110.239025	111.060344	General
example/1rzt:ChainM:ASN467	-117.982356	97.564103	General
example/1rzt:ChainM:GLY468	63.863162	-128.501522	Glycine
example/1rzt:ChainM:GLN469	-92.656064	5.649056	General
example/1rzt:ChainM:GLN470	-95.151715	141.282912	General
example/1rzt:ChainM:GLN471	-118.083157	125.825436	General
example/1rzt:ChainM:LYS472	-127.790071	139.930094	General
example/1rzt:ChainM:TYR473	-117.783590	131.351792	General
example/1rzt:ChainM:LEU474	-118.796605	113.393773	General
example/1rzt:ChainM:GLY475	-150.541036	-159.711284	Glycine
example/1rzt:ChainM:VAL476	-128.232937	130.116828	General
example/1rzt:ChainM:CYS477	-128.456319	162.601501	General
example/1rzt:ChainM:ARG478	-150.767789	117.008341	General
example/1rzt:ChainM:LEU479	-62.377109	157.849642	Pre-Pro
example/1rzt:ChainM:PRO480	-68.895247	158.040603	Proline
example/1rzt:ChainM:GLY481	113.631932	155.625233	Glycine
example/1rzt:ChainM:PRO482	-68.624470	135.371195	Proline
example/1rzt:ChainM:GLY483	71.944868	12.913919	Glycine
example/1rzt:ChainM:ARG484	-71.171508	142.967911	General
example/1rzt:ChainM:ARG485	-90.112869	158.890692	General
example/1rzt:ChainM:HIS486	-81.622916	141.189628	General
example/1rzt:ChainM:ARG487	-129.309111	154.733596	General
example/1rzt:ChainM:ARG488	-80.106465	128.870503	General
example/1rzt:ChainM:LEU489	-130.852925	134.487486	General
example/1rzt:ChainM:ASP490	-120.978645	142.203051	General
example/1rzt:ChainM:ILE491	-128.428416	126.939998	General
example/1rzt:ChainM:ILE492	-126.521867	125.684108	General
example/1rzt:ChainM:VAL493	-115.154272	125.106014	General
example/1rzt:ChainM:VAL494	-134.158074	154.270063	Pre-Pro
example/1rzt:ChainM:PRO495	-70.463617	150.674464	Proline
example/1rzt:ChainM:TYR496	-51.801859	-37.782809	General
example/1rzt:ChainM:SER497	-62.477241	-17.466055	General
example/1rzt:ChainM:GLU498	-105.117025	3.928390	General
example/1rzt:ChainM:PHE499	-55.578842	-52.312195	General
example/1rzt:ChainM:ALA500	-57.150127	-48.043473	General
example/1rzt:ChainM:CYS501	-70.165653	-29.898203	General
example/1rzt:ChainM:ALA502	-68.787982	-46.314117	General
example/1rzt:ChainM:LEU503	-56.031794	-49.287779	General
example/1rzt:ChainM:LEU504	-61.154944	-46.085919	General
example/1rzt:ChainM:TYR505	-65.478078	-54.791970	General
example/1rzt:ChainM:PHE506	-69.561232	-15.741398	General
example/1rzt:ChainM:THR507	-80.065249	-35.157650	General
example/1rzt:ChainM:GLY508	65.127138	-149.289814	Glycine
example/1rzt:ChainM:SER509	-75.267136	179.387512	General
example/1rzt:ChainM:ALA510	-57.149830	-40.803656	General
example/1rzt:ChainM:HIS511	-66.055381	-42.379750	General
example/1rzt:ChainM:PHE512	-63.015385	-45.967527	General
example/1rzt:ChainM:ASN513	-58.549639	-42.747174	General
example/1rzt:ChainM:ARG514	-58.680719	-48.143582	General
example/1rzt:ChainM:SER515	-67.377773	-28.035431	General
example/1rzt:ChainM:MET516	-71.804453	-39.280158	General
example/1rzt:ChainM:ARG517	-65.877097	-41.513140	General
example/1rzt:ChainM:ALA518	-64.664940	-31.082426	General
example/1rzt:ChainM:LEU519	-73.457866	-44.676000	General
example/1rzt:ChainM:ALA520	-57.512299	-42.790353	General
example/1rzt:ChainM:LYS521	-58.812879	-45.443573	General
example/1rzt:ChainM:THR522	-56.856378	-23.805593	General
example/1rzt:ChainM:LYS523	-103.788034	17.945019	General
example/1rzt:ChainM:GLY524	65.746548	34.863893	Glycine
example/1rzt:ChainM:MET525	-132.113745	169.210343	General
example/1rzt:ChainM:SER526	-136.070764	144.923561	General
example/1rzt:ChainM:LEU527	-127.515800	128.961980	General
example/1rzt:ChainM:SER528	-138.414044	-176.395441	General
example/1rzt:ChainM:GLU529	-69.427814	-17.210742	General
example/1rzt:ChainM:HIS530	-90.254996	-44.600819	General
example/1rzt:ChainM:ALA531	-174.647704	171.408745	General
example/1rzt:ChainM:LEU532	-100.118306	121.180199	General
example/1rzt:ChainM:SER533	-130.908450	153.774356	General
example/1rzt:ChainM:THR534	-69.894315	171.576768	General
example/1rzt:ChainM:ALA535	-57.063581	153.125112	General
example/1rzt:ChainM:VAL536	-68.694767	144.803196	General
example/1rzt:ChainM:VAL537	-90.784738	99.411228	General
example/1rzt:ChainM:ARG538	-104.641631	157.815532	General
example/1rzt:ChainM:ASN539	-80.845878	-160.041054	General
example/1rzt:ChainM:THR540	-59.152136	-50.780102	General
example/1rzt:ChainM:HIS541	-68.635952	6.534962	General
example/1rzt:ChainM:GLY542	55.403920	73.406585	Glycine
example/1rzt:ChainM:CYS543	-144.790828	148.544371	General
example/1rzt:ChainM:LYS544	-45.346600	103.790895	General
example/1rzt:ChainM:VAL545	-114.922735	-27.375406	General
example/1rzt:ChainM:GLY546	-161.602974	152.603542	Glycine
example/1rzt:ChainM:PRO547	-78.811972	153.224725	Proline
example/1rzt:ChainM:GLY548	-75.375583	162.989771	Glycine
example/1rzt:ChainM:ARG549	-80.430678	142.952806	General
example/1rzt:ChainM:VAL550	-76.392766	135.121234	General
example/1rzt:ChainM:LEU551	-97.989387	118.734105	Pre-Pro
example/1rzt:ChainM:PRO552	-49.595039	129.581558	Proline
example/1rzt:ChainM:THR553	-141.812235	84.004526	Pre-Pro
example/1rzt:ChainM:PRO554	-55.195035	-38.435977	Proline
example/1rzt:ChainM:THR555	-137.438283	165.026009	General
example/1rzt:ChainM:GLU556	-53.964068	-41.820377	General
example/1rzt:ChainM:LYS557	-53.132087	-36.261666	General
example/1rzt:ChainM:ASP558	-63.322374	-36.717472	General
example/1rzt:ChainM:VAL559	-64.520998	-45.334320	General
example/1rzt:ChainM:PHE560	-64.322376	-44.746074	General
example/1rzt:ChainM:ARG561	-57.593423	-43.121275	General
example/1rzt:ChainM:LEU562	-74.574848	-16.121792	General
example/1rzt:ChainM:LEU563	-96.087345	5.337985	General
example/1rzt:ChainM:GLY564	69.428568	24.913745	Glycine
example/1rzt:ChainM:LEU565	-114.377904	156.987974	Pre-Pro
example/1rzt:ChainM:PRO566	-77.498389	149.589305	Proline
example/1rzt:ChainM:TYR567	-69.702500	141.413865	General
example/1rzt:ChainM:ARG568	-121.605148	119.219826	General
example/1rzt:ChainM:GLU569	-56.974742	152.987031	Pre-Pro
example/1rzt:ChainM:PRO570	-52.424529	-41.006340	Proline
example/1rzt:ChainM:ALA571	-61.722247	-17.257184	General
example/1rzt:ChainM:GLU572	-103.038877	15.447184	General
example/1rzt:ChainM:ARG573	-105.306407	34.925017	General
example/1rzt:ChainM:ASP574	-67.621184	-24.297889	General
