example/2nn8:ChainA:LEU114	-106.479750	148.911897	General
example/2nn8:ChainA:ILE115	-77.518219	133.697080	General
example/2nn8:ChainA:VAL116	-109.635422	134.385294	Pre-Pro
example/2nn8:ChainA:PRO117	-67.612273	146.950884	Proline
example/2nn8:ChainA:TYR118	-121.272921	133.652937	General
example/2nn8:ChainA:ASN119	-103.776926	118.531053	General
example/2nn8:ChainA:LEU120	-106.202903	107.477336	Pre-Pro
example/2nn8:ChainA:PRO121	-63.842428	142.951367	Proline
example/2nn8:ChainA:LEU122	-118.808716	89.328800	Pre-Pro
example/2nn8:ChainA:PRO123	-60.626526	122.423384	Proline
example/2nn8:ChainA:GLY124	73.583334	16.940000	Glycine
example/2nn8:ChainA:GLY125	76.559392	-166.094168	Glycine
example/2nn8:ChainA:VAL126	-100.907737	167.274986	General
example/2nn8:ChainA:VAL127	-156.824581	145.998241	Pre-Pro
example/2nn8:ChainA:PRO128	-52.525790	141.514358	Proline
example/2nn8:ChainA:ARG129	86.415471	1.461545	General
example/2nn8:ChainA:MET130	-82.706949	127.438132	General
example/2nn8:ChainA:LEU131	-114.468266	120.420756	General
example/2nn8:ChainA:ILE132	-105.048241	128.486500	General
example/2nn8:ChainA:THR133	-119.219823	124.074607	General
example/2nn8:ChainA:ILE134	-115.713236	122.649536	General
example/2nn8:ChainA:LEU135	-113.266707	134.382662	General
example/2nn8:ChainA:GLY136	-168.232835	-174.892083	Glycine
example/2nn8:ChainA:THR137	-130.228979	132.398189	General
example/2nn8:ChainA:VAL138	-72.180633	134.315684	General
example/2nn8:ChainA:LYS139	-65.935577	156.441075	Pre-Pro
example/2nn8:ChainA:PRO140	-64.075663	146.493776	Proline
example/2nn8:ChainA:ASN141	56.011831	36.887605	General
example/2nn8:ChainA:ALA142	-64.498735	148.552418	General
example/2nn8:ChainA:ASN143	-106.735875	-38.949810	General
example/2nn8:ChainA:ARG144	-157.303225	156.716006	General
example/2nn8:ChainA:ILE145	-130.277721	149.349570	General
example/2nn8:ChainA:ALA146	-142.791768	132.796882	General
example/2nn8:ChainA:LEU147	-109.898776	129.000067	General
example/2nn8:ChainA:ASP148	-123.616921	102.263233	General
example/2nn8:ChainA:PHE149	-82.445653	115.173236	General
example/2nn8:ChainA:GLN150	-110.742548	144.848928	General
example/2nn8:ChainA:ARG151	-118.007195	94.437145	General
example/2nn8:ChainA:GLY152	54.811773	-128.940168	Glycine
example/2nn8:ChainA:ASN153	-74.784651	-15.157967	General
example/2nn8:ChainA:ASP154	-78.857911	150.268517	General
example/2nn8:ChainA:VAL155	-109.173125	105.800680	General
example/2nn8:ChainA:ALA156	-64.865692	-40.413519	General
example/2nn8:ChainA:PHE157	-148.570443	111.241842	General
example/2nn8:ChainA:HIS158	-105.133084	122.252210	General
example/2nn8:ChainA:PHE159	-120.101401	112.388182	General
example/2nn8:ChainA:ASN160	-134.593344	83.649688	Pre-Pro
example/2nn8:ChainA:PRO161	-60.415129	126.940471	Proline
example/2nn8:ChainA:ARG162	-117.502934	120.797883	General
example/2nn8:ChainA:PHE163	-84.377097	-18.806839	General
example/2nn8:ChainA:ASN164	-151.331059	79.047191	General
example/2nn8:ChainA:GLU165	-106.077301	104.616887	General
example/2nn8:ChainA:ASN166	50.790449	45.665196	General
example/2nn8:ChainA:ASN167	64.779056	23.134494	General
example/2nn8:ChainA:ARG168	-122.901563	152.724017	General
example/2nn8:ChainA:ARG169	-104.856728	129.328195	General
example/2nn8:ChainA:VAL170	-150.523004	149.346686	General
example/2nn8:ChainA:ILE171	-104.323985	123.529528	General
example/2nn8:ChainA:VAL172	-105.416981	126.715677	General
example/2nn8:ChainA:CYS173	-118.445570	143.632605	General
example/2nn8:ChainA:ASN174	-164.272893	178.608693	General
example/2nn8:ChainA:THR175	-130.859180	139.037922	General
example/2nn8:ChainA:LYS176	-114.746289	122.324840	General
example/2nn8:ChainA:LEU177	-124.074460	127.392487	General
example/2nn8:ChainA:ASP178	51.562852	41.133365	General
example/2nn8:ChainA:ASN179	72.343477	10.577502	General
example/2nn8:ChainA:ASN180	-115.092152	126.384229	General
example/2nn8:ChainA:TRP181	-72.302427	141.477091	General
example/2nn8:ChainA:GLY182	-91.435356	-150.435034	Glycine
example/2nn8:ChainA:ARG183	-77.519979	126.311506	General
example/2nn8:ChainA:GLU184	-72.475443	138.827740	General
example/2nn8:ChainA:GLU185	-110.787074	117.746380	General
example/2nn8:ChainA:ARG186	-107.778436	138.620783	General
example/2nn8:ChainA:GLN187	-125.396881	117.437652	General
example/2nn8:ChainA:SER188	-80.639678	-21.368071	General
example/2nn8:ChainA:VAL189	-66.176119	125.337917	General
example/2nn8:ChainA:PHE190	-135.596150	90.903906	Pre-Pro
example/2nn8:ChainA:PRO191	-81.265268	-5.817655	Proline
example/2nn8:ChainA:PHE192	-86.211659	150.476409	General
example/2nn8:ChainA:GLU193	-141.554525	133.957707	General
example/2nn8:ChainA:SER194	-51.055708	134.898396	General
example/2nn8:ChainA:GLY195	84.190480	-6.216404	Glycine
example/2nn8:ChainA:LYS196	-109.535035	146.016948	Pre-Pro
example/2nn8:ChainA:PRO197	-70.685037	145.666728	Proline
example/2nn8:ChainA:PHE198	-137.727559	160.683382	General
example/2nn8:ChainA:LYS199	-128.213012	124.464251	General
example/2nn8:ChainA:ILE200	-107.660965	127.116238	General
example/2nn8:ChainA:GLN201	-116.783953	124.020021	General
example/2nn8:ChainA:VAL202	-113.436763	112.838863	General
example/2nn8:ChainA:LEU203	-101.606080	124.175487	General
example/2nn8:ChainA:VAL204	-81.780850	123.456300	General
example/2nn8:ChainA:GLU205	-116.428349	166.449406	Pre-Pro
example/2nn8:ChainA:PRO206	-53.387611	-36.423618	Proline
example/2nn8:ChainA:ASP207	-114.463407	-6.428935	General
example/2nn8:ChainA:HIS208	-159.375202	163.365290	General
example/2nn8:ChainA:PHE209	-85.688739	135.826675	General
example/2nn8:ChainA:LYS210	-114.418075	123.512903	General
example/2nn8:ChainA:VAL211	-110.920467	127.462041	General
example/2nn8:ChainA:ALA212	-120.435430	139.759509	General
example/2nn8:ChainA:VAL213	-119.078236	129.729379	General
example/2nn8:ChainA:ASN214	51.671113	43.366143	General
example/2nn8:ChainA:ASP215	71.380400	6.808785	General
example/2nn8:ChainA:ALA216	-112.462313	127.999431	General
example/2nn8:ChainA:HIS217	-52.478536	134.032461	General
example/2nn8:ChainA:LEU218	-113.200267	-56.003080	General
example/2nn8:ChainA:LEU219	-161.326004	164.859638	General
example/2nn8:ChainA:GLN220	-124.322271	151.191630	General
example/2nn8:ChainA:TYR221	-134.586816	112.981113	General
example/2nn8:ChainA:ASN222	-61.064353	138.208942	General
example/2nn8:ChainA:HIS223	-64.759766	114.876927	General
example/2nn8:ChainA:ARG224	-93.022860	-42.740427	General
example/2nn8:ChainA:VAL225	-82.693805	120.277477	General
example/2nn8:ChainA:LYS226	-100.957392	-12.483426	General
example/2nn8:ChainA:LYS227	-85.447203	76.262040	General
example/2nn8:ChainA:LEU228	-56.758941	-38.718285	General
example/2nn8:ChainA:ASN229	-71.281456	-2.422348	General
example/2nn8:ChainA:GLU230	-106.399468	-1.118174	General
example/2nn8:ChainA:ILE231	-86.794435	87.876394	General
example/2nn8:ChainA:SER232	-114.857595	11.846747	General
example/2nn8:ChainA:LYS233	-145.318540	144.884313	General
example/2nn8:ChainA:LEU234	-120.109105	119.497070	General
example/2nn8:ChainA:GLY235	-95.221702	133.374945	Glycine
example/2nn8:ChainA:ILE236	-119.723013	121.164295	General
example/2nn8:ChainA:SER237	-142.829870	171.707291	General
example/2nn8:ChainA:GLY238	111.401833	-162.933113	Glycine
example/2nn8:ChainA:ASP239	-92.771662	66.450677	General
example/2nn8:ChainA:ILE240	-135.961637	156.228095	General
example/2nn8:ChainA:ASP241	-95.304591	123.546542	General
example/2nn8:ChainA:LEU242	-97.284368	123.942320	General
example/2nn8:ChainA:THR243	-97.966238	-42.599989	General
example/2nn8:ChainA:SER244	-156.658656	145.884949	General
example/2nn8:ChainA:ALA245	-144.861670	116.095273	General
example/2nn8:ChainA:SER246	-151.385955	172.119720	General
example/2nn8:ChainA:TYR247	-140.234578	160.595646	General
example/2nn8:ChainA:THR248	-155.878946	164.433333	General
example/2nn8:ChainA:MET249	-98.570510	132.235561	General
